battle_id,battle_name,url,start_date,end_date,alternate_names,location,state,campaign,result,total_casualties,total_strength,cwsac_id,dbpedia_url
second-deep-bottom,Second Deep Bottom,http://www.civilwar.org/battlefields/second-deep-bottom.html,1864-08-13,1864-08-20,,Henrico County,VA,Richmond-Petersburg Campaign,Confederate Victory,,,VA071,http://dbpedia.org/resource/Second_Battle_of_Deep_Bottom
munfordville,Munfordville,http://www.civilwar.org/battlefields/munfordville.html,1862-09-14,1862-09-17,,Hart County,KY,Confederate Heartland Offensive,Confederate Victory,,,KY008,http://dbpedia.org/resource/Battle_of_Munfordville
the-wilderness,The Wilderness,http://www.civilwar.org/battlefields/the-wilderness.html,1864-05-05,1864-05-07,,Spotsylvania and Orange Counties,VA,Grant's Overland Campaign,Inconclusive,29800,169920,VA046,http://dbpedia.org/resource/Battle_of_the_Wilderness
picachopeak,Picacho Peak,http://www.civilwar.org/battlefields/picachopeak.html,1862-04-15,1862-04-15,,Pinal County,AZ,,Confederate Victory,,,,http://dbpedia.org/resource/Battle_of_Picacho_Pass
mill-springs,Mill Springs,http://www.civilwar.org/battlefields/mill-springs.html,1862-01-19,1862-01-19,"Logan’s Cross-Roads, Fishing Creek",Pulaski County and Wayne County,KY,,Union Victory,814,10300,KY006,http://dbpedia.org/resource/Battle_of_Mill_Springs
aldie,Aldie,http://www.civilwar.org/battlefields/aldie.html,1863-06-17,1863-06-17,,Loudoun County,VA,Gettysburg Campaign,Inconclusive,,,VA036,http://dbpedia.org/resource/Battle_of_Aldie
honey-springs,Honey Springs,http://www.civilwar.org/battlefields/honey-springs.html,1863-07-17,1863-07-17,,Muskogee County and McIntosh County,OK,,Union Victory,,,OK007,http://dbpedia.org/resource/Battle_of_Honey_Springs
malvern-hill,Malvern Hill,http://www.civilwar.org/battlefields/malvern-hill.html,1862-07-01,1862-07-01,,Henrico County,VA,Seven Days Battles,Union Victory,7700,57000,VA021,http://dbpedia.org/resource/Battle_of_Malvern_Hill
bristoe-station,Bristoe Station,http://www.civilwar.org/battlefields/bristoe-station.html,1863-10-14,1863-10-14,,Prince William County,VA,,Union Victory,2000,25601,VA040,http://dbpedia.org/resource/Battle_of_Bristoe_Station
ream-s-station,Ream's Station,http://www.civilwar.org/battlefields/ream-s-station.html,1864-08-25,1864-08-25,,Dinwiddie County,VA,Richmond-Petersburg Campaign,Confederate Victory,,,VA073,http://dbpedia.org/resource/Second_Battle_of_Ream's_Station
fort-stevens,Fort Stevens,http://www.civilwar.org/battlefields/fort-stevens.html,1864-07-11,1864-07-12,,Washington,DC,,Union Victory,,,DC001,http://dbpedia.org/resource/Battle_of_Fort_Stevens
new-hope-church,New Hope Church,http://www.civilwar.org/battlefields/new-hope-church.html,1864-05-25,1864-05-26,,Paulding County,GA,Atlanta Campaign,Confederate Victory,2065,20000,GA010,http://dbpedia.org/resource/Battle_of_New_Hope_Church
cold-harbor,Cold Harbor,http://www.civilwar.org/battlefields/cold-harbor.html,1864-05-31,1864-06-12,,Hanover County,VA,Grant's Overland Campaign,Confederate Victory,17332,170000,VA062,http://dbpedia.org/resource/Battle_of_Cold_Harbor
carthage,Carthage,http://www.civilwar.org/battlefields/carthage.html,1861-07-05,1861-07-05,,Jasper County,MO,,Confederate Victory,,,MO002,http://dbpedia.org/resource/Battle_of_Carthage_(1861)
mine-run,Mine Run,http://www.civilwar.org/battlefields/mine-run.html,1863-11-27,1863-12-02,,Orange County,VA,,Inconclusive,,,VA044,http://dbpedia.org/resource/Battle_of_Mine_Run
falling-waters,Falling Waters,http://www.civilwar.org/battlefields/falling-waters.html,1863-07-06,1863-07-16,,Washington County,MD,Gettysburg Campaign,Inconclusive,,,MD004,http://dbpedia.org/resource/Battle_of_Williamsport
third-winchester,Third Winchester,http://www.civilwar.org/battlefields/third-winchester.html,1864-09-19,1864-09-19,Opequon,Frederick County,VA,Sheridan's Shenandoah Valley Campaign,Union Victory,8630,54440,VA119,http://dbpedia.org/resource/Battle_of_Opequon
pickettsmill,Pickett's Mill,http://www.civilwar.org/battlefields/pickettsmill.html,1864-05-27,1864-05-27,,Paulding County,GA,Atlanta Campaign,Confederate Victory,,,GA012,http://dbpedia.org/resource/Battle_of_Pickett's_Mill
iuka,Iuka,http://www.civilwar.org/battlefields/iuka.html,1862-09-19,1862-09-19,,Tishomingo County,MS,Iuka and Corinth Campaign,Union Victory,,,MS001,http://dbpedia.org/resource/Battle_of_Iuka
gettysburg,Gettysburg,http://www.civilwar.org/battlefields/gettysburg.html,1863-07-01,1863-07-03,,Adams County,PA,Gettysburg Campaign,Union Victory,51112,165620,PA002,http://dbpedia.org/resource/Battle_of_Gettysburg
cedar-creek,Cedar Creek,http://www.civilwar.org/battlefields/cedar-creek.html,1864-10-19,1864-10-19,Belle Grove,"Frederick County, Shenandoah County and Warren County",VA,Sheridan's Shenandoah Valley Campaign,Union Victory,8575,52945,VA122,http://dbpedia.org/resource/Battle_of_Cedar_Creek
sailor-s-creek,Sailor's Creek,http://www.civilwar.org/battlefields/sailor-s-creek.html,1865-04-06,1865-04-06,"Sayler's Creek, Little Sailor's Creek, Marshall's Crossroads","Amelia County, Prince Edward County, and Nottoway County",VA,Appomattox Campaign,Union Victory,9980,27500,VA093,http://dbpedia.org/resource/Battle_of_Sayler's_Creek
mcdowell,McDowell,http://www.civilwar.org/battlefields/mcdowell.html,1862-05-08,1862-05-08,,Highland County,VA,Jackson’s Shenandoah Valley Campaign,Confederate Victory,,,VA102,http://dbpedia.org/resource/Battle_of_McDowell
sabinepass,Sabine Pass,http://www.civilwar.org/battlefields/sabinepass.html,1863-09-08,1863-09-08,,Jefferson County,TX,,Confederate Victory,,,TX006,http://dbpedia.org/resource/Second_Battle_of_Sabine_Pass
cedar-mountain,Cedar Mountain,http://www.civilwar.org/battlefields/cedar-mountain.html,1862-08-09,1862-08-09,"Slaughter’s Mountain, Cedar Run",Culpeper County,VA,Northern Virginia Campaign 1862,Confederate Victory,2707,24898,VA022,http://dbpedia.org/resource/Battle_of_Cedar_Mountain
brice-s-cross-roads,Brice's Cross Roads,http://www.civilwar.org/battlefields/brice-s-cross-roads.html,1864-06-10,1864-06-10,,Prentiss County and Union County,MS,,Confederate Victory,,,MS014,http://dbpedia.org/resource/Battle_of_Brice's_Crossroads
davis-bridge,Davis Bridge,http://www.civilwar.org/battlefields/davis-bridge.html,1862-10-05,1862-10-05,,Hardeman County and McNairy County,TN,Iuka and Corinth Campaign,Union Victory,,,TN007,http://dbpedia.org/resource/Battle_of_Hatchie's_Bridge
south-mountain,South Mountain,http://www.civilwar.org/battlefields/south-mountain.html,1862-09-14,1862-09-14,"Crampton's, Turner's, and Fox's Gaps",Frederick County and Washington County,MD,Maryland Campaign,Union Victory,4500,56000,MD002,http://dbpedia.org/resource/Battle_of_South_Mountain
appomattoxstation,Appomattox Station,http://www.civilwar.org/battlefields/appomattoxstation.html,1865-04-08,1865-04-08,,Appomattox County,VA,Appomattox Campaign,Union Victory,,,VA096,http://dbpedia.org/resource/Battle_of_Appomattox_Station
vicksburg,Vicksburg,http://www.civilwar.org/battlefields/vicksburg.html,1863-05-18,1863-07-04,,Warren County,MS,Grant's Operations against Vicksburg,Union Victory,37402,110000,MS011,http://dbpedia.org/resource/Siege_of_Vicksburg
shepherdstown,Shepherdstown,http://www.civilwar.org/battlefields/shepherdstown.html,1862-09-19,1862-09-20,,Town of Shepherdstown,WV,Maryland Campaign,Confederate Victory,,,WV016,http://dbpedia.org/resource/Battle_of_Shepherdstown
north-anna,North Anna,http://www.civilwar.org/battlefields/north-anna.html,1864-05-23,1864-05-26,,Caroline County and Hanover County,VA,Grant's Overland Campaign,Inconclusive,3500,,VA055,http://dbpedia.org/resource/Battle_of_North_Anna
fort-mcallister,Fort McAllister,http://www.civilwar.org/battlefields/fort-mcallister.html,1864-12-13,1864-12-13,,Bryan County,GA,,Union Victory,,,GA028,http://dbpedia.org/resource/Second_Battle_of_Fort_McAllister
fort-blakely,Fort Blakely,http://www.civilwar.org/battlefields/fort-blakely.html,1865-04-02,1865-04-09,,Baldwin County,AL,,Union Victory,,,AL006,http://dbpedia.org/resource/Battle_of_Fort_Blakely
totopotomoy-creek,Totopotomoy Creek,http://www.civilwar.org/battlefields/totopotomoy-creek.html,1864-05-28,1864-05-30,,Hanover County,VA,Grant's Overland Campaign,Inconclusive,,,VA057,http://dbpedia.org/resource/Battle_of_Totopotomoy_Creek
spotsylvania-court-house,Spotsylvania Court House,http://www.civilwar.org/battlefields/spotsylvania-court-house.html,1864-05-08,1864-05-21,,Spotsylvania County,VA,Grant's Overland Campaign,Inconclusive,30000,152000,VA048,http://dbpedia.org/resource/Battle_of_Spotsylvania_Court_House
chantilly,Chantilly,http://www.civilwar.org/battlefields/chantilly.html,1862-09-01,1862-09-01,,Fairfax County,VA,Northern Virginia Campaign 1862,Inconclusive,,,VA027,http://dbpedia.org/resource/Battle_of_Chantilly
spring-hill,Spring Hill,http://www.civilwar.org/battlefields/spring-hill.html,1864-11-29,1864-11-29,,Spring Hill,TN,Franklin-Nashville Campaign,Union Victory,,,TN035,http://dbpedia.org/resource/Battle_of_Spring_Hill
antietam,Antietam,http://www.civilwar.org/battlefields/antietam.html,1862-09-16,1862-09-18,Sharpsburg,Washington County,MD,Maryland Campaign,Inconclusive,22717,131000,MD003,http://dbpedia.org/resource/Battle_of_Antietam
hampton-roads,Hampton Roads,http://www.civilwar.org/battlefields/hampton-roads.html,1862-03-08,1862-03-09,"Monitor vs. Merrimack, Battle of the Ironclads",Hampton Roads,VA,Peninsula Campaign,Inconclusive,393,1588,VA008,http://dbpedia.org/resource/Battle_of_Hampton_Roads
chattanooga,Chattanooga,http://www.civilwar.org/battlefields/chattanooga.html,1863-11-23,1863-11-25,"Missionary Ridge, Lookout Mountain",Hamilton County and City of Chattanooga,TN,,Union Victory,12485,100369,TN024,http://dbpedia.org/resource/Chattanooga_Campaign
fortstedman,Fort Stedman,http://www.civilwar.org/battlefields/fortstedman.html,1865-03-25,1865-03-25,,Petersburg,VA,Richmond-Petersburg Campaign,Union Victory,,,VA084,http://dbpedia.org/resource/Battle_of_Fort_Stedman
kernstown,Kernstown,http://www.civilwar.org/battlefields/kernstown.html,1862-03-23,1862-03-23,,Frederick County and Winchester,VA,Jackson’s Shenandoah Valley Campaign,Union Victory,,,VA101,http://dbpedia.org/resource/First_Battle_of_Kernstown
battery-wagner,Fort Wagner,http://www.civilwar.org/battlefields/battery-wagner.html,1863-07-18,1863-09-07,"Battery Wagner, Morris Island",Morris Island,SC,,Confederate Victory,1689,6800,SC007,http://dbpedia.org/resource/Second_Battle_of_Fort_Wagner
franklin,Franklin,http://www.civilwar.org/battlefields/franklin.html,1864-11-30,1864-11-30,Second Battle of Franklin,Franklin,TN,Franklin-Nashville Campaign,Union Victory,8587,63000,TN036,http://dbpedia.org/resource/Battle_of_Franklin_(1864)
seven-pines,Seven Pines,http://www.civilwar.org/battlefields/seven-pines.html,1862-05-31,1862-06-01,,Henrico County,VA,Peninsula Campaign,Inconclusive,,,VA014,http://dbpedia.org/resource/Battle_of_Seven_Pines
second-kernstown,Second Kernstown,http://www.civilwar.org/battlefields/second-kernstown.html,1864-07-24,1864-07-24,,Frederick County,VA,,Confederate Victory,,,VA116,http://dbpedia.org/resource/Second_Battle_of_Kernstown
tupelo,Tupelo,http://www.civilwar.org/battlefields/tupelo.html,1864-07-14,1864-07-15,,"Lee County, Mississippi",MS,,Union Victory,,,MS015,http://dbpedia.org/resource/Battle_of_Tupelo
mobile-bay,Mobile Bay,http://www.civilwar.org/battlefields/mobile-bay.html,1864-08-02,1864-08-23,,Mobile and Baldwin County,AL,,Union Victory,1822,,AL003,http://dbpedia.org/resource/Battle_of_Mobile_Bay
portgibson,Port Gibson,http://www.civilwar.org/battlefields/portgibson.html,1863-05-01,1863-05-01,,Claiborne County,MS,Grant's Operations against Vicksburg,Union Victory,1628,31000,MS006,http://dbpedia.org/resource/Battle_of_Port_Gibson
fort-fisher,Fort Fisher,http://www.civilwar.org/battlefields/fort-fisher.html,1865-01-13,1865-01-15,,New Hanover County,NC,,Union Victory,,,NC015,http://dbpedia.org/resource/Second_Battle_of_Fort_Fisher
campallegheny,Camp Allegheny,http://www.civilwar.org/battlefields/campallegheny.html,1861-12-13,1861-12-13,,Pocahontas County,WV,,Inconclusive,,,WV008,http://dbpedia.org/resource/Battle_of_Camp_Allegheny
middleburg,Middleburg,http://www.civilwar.org/battlefields/middleburg.html,1863-06-17,1863-06-19,,Loudoun County,VA,Gettysburg Campaign,Inconclusive,390,9600,VA037,http://dbpedia.org/resource/Battle_of_Middleburg
palmito-ranch,Palmito Ranch,http://www.civilwar.org/battlefields/palmito-ranch.html,1865-05-12,1865-05-13,,Cameron County,TX,,Confederate Victory,,,TX005,http://dbpedia.org/resource/Battle_of_Palmito_Ranch
high-bridge,High Bridge,http://www.civilwar.org/battlefields/high-bridge.html,1865-04-06,1865-04-07,,Cumberland County,VA,Appomattox Campaign,Inconclusive,,,VA095,http://dbpedia.org/resource/Battle_of_High_Bridge
rappahannock-station,Rappahannock Station,http://www.civilwar.org/battlefields/rappahannock-station.html,1863-11-07,1863-11-07,,Fauquier County,VA,,Union Victory,2093,4000,VA043,http://dbpedia.org/resource/Second_Battle_of_Rappahannock_Station
beaver-dam-creek,Beaver Dam Creek,http://www.civilwar.org/battlefields/beaver-dam-creek.html,1862-06-26,1862-06-26,,Hanover County,VA,Seven Days Battles,Union Victory,,,VA016,http://dbpedia.org/resource/Battle_of_Beaver_Dam_Creek
petersburg,Petersburg,http://www.civilwar.org/battlefields/petersburg.html,1864-06-15,1864-06-18,Assault on Petersburg,City of Petersburg,VA,Richmond-Petersburg Campaign,Confederate Victory,11386,108000,VA063,http://dbpedia.org/resource/Second_Battle_of_Petersburg
atlanta,Atlanta,http://www.civilwar.org/battlefields/atlanta.html,1864-07-22,1864-07-22,"Bald Hill, Leggett's Hill",Fulton County,GA,Atlanta Campaign,Union Victory,9222,75301,GA017,http://dbpedia.org/resource/Battle_of_Atlanta
monocacy,Monocacy,http://www.civilwar.org/battlefields/monocacy.html,1864-07-09,1864-07-09,,Frederick County,MD,,Confederate Victory,,,MD007,http://dbpedia.org/resource/Battle_of_Monocacy
sand-creek,Sand Creek,http://www.civilwar.org/battlefields/sand-creek.html,1864-11-29,1864-11-30,,Kiowa County,CO,,Union Victory,,,CO001,http://dbpedia.org/resource/Sand_Creek_massacre
nashville,Nashville,http://www.civilwar.org/battlefields/nashville.html,1864-12-15,1864-12-16,,Davidson County,TN,Franklin-Nashville Campaign,Union Victory,9061,85000,TN038,http://dbpedia.org/resource/Battle_of_Nashville
bentonville,Bentonville,http://www.civilwar.org/battlefields/bentonville.html,1865-03-19,1865-03-21,,Johnston County,NC,Carolina Campaign,Union Victory,4133,81000,NC020,http://dbpedia.org/resource/Battle_of_Bentonville
the-crater,The Crater,http://www.civilwar.org/battlefields/the-crater.html,1864-07-30,1864-07-30,,Petersburg,VA,Richmond-Petersburg Campaign,Confederate Victory,5289,14600,VA070,http://dbpedia.org/resource/Battle_of_the_Crater
glorieta-pass,Glorieta Pass,http://www.civilwar.org/battlefields/glorieta-pass.html,1862-03-26,1862-03-28,La Glorieta Pass,Santa Fe County and San Miguel County,NM,,Union Victory,369,2640,NM002,http://dbpedia.org/resource/Battle_of_Glorieta_Pass
brandy-station,Brandy Station,http://www.civilwar.org/battlefields/brandy-station.html,1863-06-09,1863-06-09,Fleetwood Hill,Culpeper County,VA,Gettysburg Campaign,Inconclusive,1451,20500,VA035,http://dbpedia.org/resource/Battle_of_Brandy_Station
elkins-ferry,Elkin's Ferry,http://www.civilwar.org/battlefields/elkins-ferry.html,1864-04-03,1864-04-04,,Nevada County,AR,,Union Victory,,,AR012,http://dbpedia.org/resource/Battle_of_Elkin's_Ferry
fredericksburg,Fredericksburg,http://www.civilwar.org/battlefields/fredericksburg.html,1862-12-11,1862-12-15,,Fredericksburg,VA,,Confederate Victory,17929,172504,VA028,http://dbpedia.org/resource/Battle_of_Fredericksburg
thoroughfaregap,Thoroughfare Gap,http://www.civilwar.org/battlefields/thoroughfaregap.html,1862-08-28,1862-08-28,,Prince William County,VA,Northern Virginia Campaign 1862,Confederate Victory,,,VA025,http://dbpedia.org/resource/Battle_of_Thoroughfare_Gap
port-hudson,Port Hudson,http://www.civilwar.org/battlefields/port-hudson.html,1863-05-21,1863-07-09,,East Baton Rouge Parish and East Feliciana Parish,LA,,Union Victory,,,LA010,http://dbpedia.org/resource/Siege_of_Port_Hudson
richmond,Richmond,http://www.civilwar.org/battlefields/richmond.html,1862-08-29,1862-08-30,,Madison County,KY,Confederate Heartland Offensive,Confederate Victory,,,KY007,http://dbpedia.org/resource/Battle_of_Richmond
second-manassas,Second Manassas,http://www.civilwar.org/battlefields/second-manassas.html,1862-08-28,1862-08-30,"Second Bull Run, Groveton, Brawner's Farm",Prince William County,VA,Northern Virginia Campaign 1862,Confederate Victory,22177,125000,VA026,http://dbpedia.org/resource/Second_Battle_of_Bull_Run
raymond,Raymond,http://www.civilwar.org/battlefields/raymond.html,1863-05-12,1863-05-12,,Hinds County,MS,Grant's Operations against Vicksburg,Union Victory,,,MS007,http://dbpedia.org/resource/Battle_of_Raymond
mansfield,Mansfield,http://www.civilwar.org/battlefields/mansfield.html,1864-04-08,1864-04-08,"Sabine Cross-Roads, Pleasant Grove",DeSoto Parish,LA,Red River Campaign,Confederate Victory,4400,19000,LA018,http://dbpedia.org/resource/Battle_of_Mansfield
corinth,Corinth,http://www.civilwar.org/battlefields/corinth.html,1862-10-03,1862-10-04,,Alcorn County,MS,Iuka and Corinth Campaign,Union Victory,,,MS002,http://dbpedia.org/resource/Second_Battle_of_Corinth
new-market,New Market,http://www.civilwar.org/battlefields/new-market.html,1864-05-15,1864-05-15,,Shenandoah County,VA,,Confederate Victory,,,VA110,http://dbpedia.org/resource/Battle_of_New_Market
ringgold-gap,Ringgold Gap,http://www.civilwar.org/battlefields/ringgold-gap.html,1863-11-27,1863-11-27,,Catoosa County,GA,,Confederate Victory,,,GA005,http://dbpedia.org/resource/Battle_of_Ringgold_Gap
hatcher-s-run,Hatcher's Run,http://www.civilwar.org/battlefields/hatcher-s-run.html,1865-02-05,1865-02-07,,Dinwiddie County,VA,Richmond-Petersburg Campaign,Inconclusive,,,VA083,http://dbpedia.org/resource/Battle_of_Hatcher's_Run
jonesborough,Jonesborough,http://www.civilwar.org/battlefields/jonesborough.html,1864-08-31,1864-09-01,,Clayton County,GA,Atlanta Campaign,Union Victory,,,GA022,http://dbpedia.org/resource/Battle_of_Jonesborough
averasborough,Averasborough,http://www.civilwar.org/battlefields/averasborough.html,1865-03-16,1865-03-16,,Harnett County and Cumberland County,NC,Carolina Campaign,Inconclusive,,,NC019,http://dbpedia.org/resource/Battle_of_Averasborough
fort-donelson,Fort Donelson,http://www.civilwar.org/battlefields/fort-donelson.html,1862-02-11,1862-02-16,,Stewart County,TN,Federal Penetration up the Cumberland and Tennessee Rivers,Union Victory,16537,40702,TN002,http://dbpedia.org/resource/Battle_of_Fort_Donelson
trevilian-station,Trevilian Station,http://www.civilwar.org/battlefields/trevilian-station.html,1864-06-11,1864-06-12,Trevilians,Louisa County,VA,Grant's Overland Campaign,Confederate Victory,2000,,VA099,http://dbpedia.org/resource/Battle_of_Trevilian_Station
champion-hill,Champion Hill,http://www.civilwar.org/battlefields/champion-hill.html,1863-05-16,1863-05-16,"Champion's Hill, Bakers Creek",Hinds County,MS,Grant's Operations against Vicksburg,Union Victory,6297,54000,MS009,http://dbpedia.org/resource/Battle_of_Champion_Hill
peachtree-creek,Peach Tree Creek,http://www.civilwar.org/battlefields/peachtree-creek.html,1864-07-20,1864-07-20,,Fulton County,GA,Atlanta Campaign,Union Victory,4250,41905,GA016,http://dbpedia.org/resource/Battle_of_Peachtree_Creek
secessionville,Secessionville,http://www.civilwar.org/battlefields/secessionville.html,1862-06-16,1862-06-16,,City of Charleston,SC,,Confederate Victory,,,SC002,http://dbpedia.org/resource/Battle_of_James_Island
rocky-face-ridge,Rocky Face Ridge,http://www.civilwar.org/battlefields/rocky-face-ridge.html,1864-05-07,1864-05-13,,Whitfield County,GA,Atlanta Campaign,Union Victory,,,GA007,http://dbpedia.org/resource/Battle_of_Rocky_Face_Ridge
petersburg-breakthrough,Petersburg Breakthrough,http://www.civilwar.org/battlefields/petersburg-breakthrough.html,1865-04-02,1865-04-02,"The Breakthrough, The Third Battle of Petersburg, Fall of Petersburg",Petersburg,VA,Richmond-Petersburg Campaign,Union Victory,7750,134513,VA089,http://dbpedia.org/resource/Third_Battle_of_Petersburg
first-deep-bottom,First Deep Bottom,http://www.civilwar.org/battlefields/first-deep-bottom.html,1864-07-27,1864-07-29,"Darbytown, Strawberry Plains, New Market Road, Gravel Hill",Henrico County,VA,Richmond-Petersburg Campaign,Confederate Victory,1067,28200,VA069,http://dbpedia.org/resource/First_Battle_of_Deep_Bottom
cross-keys,Cross Keys,http://www.civilwar.org/battlefields/cross-keys.html,1862-06-08,1862-06-08,,Rockingham County,VA,Jackson’s Shenandoah Valley Campaign,Confederate Victory,972,17300,VA105,http://dbpedia.org/resource/Battle_of_Cross_Keys
appomattox-courthouse,Appomattox Court House,http://www.civilwar.org/battlefields/appomattox-courthouse.html,1865-04-09,1865-04-09,Surrender,Appomattox County,VA,Appomattox Campaign,Union Victory,700,89285,VA097,http://dbpedia.org/resource/Battle_of_Appomattox_Court_House
chickamauga,Chickamauga,http://www.civilwar.org/battlefields/chickamauga.html,1863-09-18,1863-09-20,,Catoosa County and Walker County,GA,Chickamauga Campaign,Confederate Victory,34624,125000,GA004,http://dbpedia.org/resource/Battle_of_Chickamauga
resaca,Resaca,http://www.civilwar.org/battlefields/resaca.html,1864-05-13,1864-05-15,,Gordon County and Whitfield County,GA,Atlanta Campaign,Inconclusive,5547,158787,GA008,http://dbpedia.org/resource/Battle_of_Resaca
new-market-heights,New Market Heights,http://www.civilwar.org/battlefields/new-market-heights.html,1864-09-29,1864-09-30,,Henrico County,VA,Richmond-Petersburg Campaign,Union Victory,,,VA075,http://dbpedia.org/resource/Battle_of_Chaffin's_Farm
chancellorsville,Chancellorsville,http://www.civilwar.org/battlefields/chancellorsville.html,1863-04-30,1863-05-06,,Spotsylvania County,VA,,Confederate Victory,30764,154734,VA032,http://dbpedia.org/resource/Battle_of_Chancellorsville
cool-spring,Cool Spring,http://www.civilwar.org/battlefields/cool-spring.html,1864-07-18,1864-07-18,,Clarke County,VA,,Inconclusive,,,VA114,http://dbpedia.org/resource/Battle_of_Cool_Spring
fort-sumter,Fort Sumter,http://www.civilwar.org/battlefields/fort-sumter.html,1861-04-12,1861-04-14,,Charleston Harbor,SC,,Confederate Victory,0,580,SC001,http://dbpedia.org/resource/Battle_of_Fort_Sumter
white-oak-road,White Oak Road,http://www.civilwar.org/battlefields/white-oak-road.html,1865-03-31,1865-03-31,,Dinwiddie County,VA,Appomattox Campaign,Union Victory,,,VA087,http://dbpedia.org/resource/Battle_of_White_Oak_Road
perryville,Perryville,http://www.civilwar.org/battlefields/perryville.html,1862-10-08,1862-10-08,Battle of Chaplin Hills,Boyle County,KY,Confederate Heartland Offensive,Union Victory,7621,36000,KY009,http://dbpedia.org/resource/Battle_of_Perryville
dallas,Dallas,http://www.civilwar.org/battlefields/dallas.html,1864-05-28,1864-05-28,,Paulding County,GA,Atlanta Campaign,Union Victory,5400,120000,GA011,http://dbpedia.org/resource/Battle_of_Dallas
mine-creek,Mine Creek,http://www.civilwar.org/battlefields/mine-creek.html,1864-10-25,1864-10-25,,Linn County,KS,,Union Victory,,,KS003,http://dbpedia.org/resource/Battle_of_Mine_Creek
stones-river,Stones River,http://www.civilwar.org/battlefields/stones-river.html,1862-12-31,1863-01-02,Murfreesboro,Rutherford County,TN,,Union Victory,24645,76400,TN010,http://dbpedia.org/resource/Battle_of_Stones_River
wyse-fork,Wyse Fork,http://www.civilwar.org/battlefields/wyse-fork.html,1865-03-07,1865-03-10,,Lenoir County,NC,Carolina Campaign,Union Victory,,,NC017,http://dbpedia.org/resource/Battle_of_Wyse_Fork
fisher-s-hill,Fisher's Hill,http://www.civilwar.org/battlefields/fisher-s-hill.html,1864-09-21,1864-09-22,,Shenandoah County,VA,Sheridan's Shenandoah Valley Campaign,Union Victory,,,VA120,http://dbpedia.org/resource/Battle_of_Fisher's_Hill
gaines-mill,Gaines' Mill,http://www.civilwar.org/battlefields/gaines-mill.html,1862-06-27,1862-06-27,,Hanover County,VA,Seven Days Battles,Confederate Victory,15500,91232,VA017,http://dbpedia.org/resource/Battle_of_Gaines's_Mill
shiloh,Shiloh,http://www.civilwar.org/battlefields/shiloh.html,1862-04-06,1862-04-07,Pittsburg Landing,Hardin County,TN,Federal Penetration up the Cumberland and Tennessee Rivers,Union Victory,23746,110053,TN003,http://dbpedia.org/resource/Battle_of_Shiloh
toms-brook,Tom's Brook,http://www.civilwar.org/battlefields/toms-brook.html,1864-10-09,1864-10-09,Woodstock Races,Shenandoah County,VA,Sheridan's Shenandoah Valley Campaign,Union Victory,407,9800,VA121,http://dbpedia.org/resource/Battle_of_Tom's_Brook
kelly-s-ford,Kelly's Ford,http://www.civilwar.org/battlefields/kelly-s-ford.html,1863-03-17,1863-03-17,,Culpeper County,VA,,Inconclusive,211,2900,VA029,http://dbpedia.org/resource/Battle_of_Kelly's_Ford
pea-ridge,Pea Ridge,http://www.civilwar.org/battlefields/pea-ridge.html,1862-03-06,1862-03-08,,Benton County,AR,,Union Victory,,,AR001,http://dbpedia.org/resource/Battle_of_Pea_Ridge
glendale,Glendale,http://www.civilwar.org/battlefields/glendale.html,1862-06-30,1862-06-30,Frazier's Farm,Henrico County,VA,Seven Days Battles,Inconclusive,7470,85000,VA020,http://dbpedia.org/resource/Battle_of_Glendale
five-forks,Five Forks,http://www.civilwar.org/battlefields/five-forks.html,1865-04-01,1865-04-01,,Dinwiddie County,VA,Appomattox Campaign,Union Victory,,,VA088,http://dbpedia.org/resource/Battle_of_Five_Forks
ballsbluff,Ball's Bluff,http://www.civilwar.org/battlefields/ballsbluff.html,1861-10-21,1861-10-21,"Harrison's Island, Leesburg",Loudoun County,VA,,Confederate Victory,1070,3429,VA006,http://dbpedia.org/resource/Battle_of_Ball's_Bluff
olustee,Olustee,http://www.civilwar.org/battlefields/olustee.html,1864-02-20,1864-02-20,,Baker County,FL,,Confederate Victory,,,FL005,http://dbpedia.org/resource/Battle_of_Olustee
prairie-grove,Prairie Grove,http://www.civilwar.org/battlefields/prairie-grove.html,1862-12-07,1862-12-07,,Washington County,AR,,Union Victory,,,AR005,http://dbpedia.org/resource/Battle_of_Prairie_Grove
harpers-ferry,Harpers Ferry,http://www.civilwar.org/battlefields/harpers-ferry.html,1862-09-12,1862-09-15,,Jefferson County,WV,Maryland Campaign,Confederate Victory,12922,44000,WV010,http://dbpedia.org/resource/Battle_of_Harpers_Ferry
port-republic,Port Republic,http://www.civilwar.org/battlefields/port-republic.html,1862-06-09,1862-06-09,,Rockingham County,VA,Jackson’s Shenandoah Valley Campaign,Confederate Victory,1818,9500,VA106,http://dbpedia.org/resource/Battle_of_Port_Republic
williamsburg,Williamsburg,http://www.civilwar.org/battlefields/williamsburg.html,1862-05-05,1862-05-05,,York County and Williamsburg,VA,Peninsula Campaign,Inconclusive,,,VA010,http://dbpedia.org/resource/Battle_of_Williamsburg
wilson-s-creek,Wilson's Creek,http://www.civilwar.org/battlefields/wilson-s-creek.html,1861-08-10,1861-08-10,,Greene and Christian County,MO,,Confederate Victory,,,MO004,http://dbpedia.org/resource/Battle_of_Wilson's_Creek
dranesville,Dranesville,http://www.civilwar.org/battlefields/dranesville.html,1861-12-20,1861-12-20,,Fairfax County,VA,,Union Victory,,,VA007,http://dbpedia.org/resource/Battle_of_Dranesville
natural-bridge,Natural Bridge,http://www.civilwar.org/battlefields/natural-bridge.html,1865-03-06,1865-03-06,,Leon County,FL,,Confederate Victory,,,FL006,http://dbpedia.org/resource/Battle_of_Natural_Bridge
bullrun,Bull Run,http://www.civilwar.org/battlefields/bullrun.html,1861-07-21,1861-07-21,First Manassas,Fairfax County and Prince William County,VA,,Confederate Victory,4878,60680,VA005,http://dbpedia.org/resource/First_Battle_of_Bull_Run
kennesaw-mountain,Kennesaw Mountain,http://www.civilwar.org/battlefields/kennesaw-mountain.html,1864-06-27,1864-06-27,,Cobb County,GA,Atlanta Campaign,Confederate Victory,4000,150000,GA015,http://dbpedia.org/resource/Battle_of_Kennesaw_Mountain
parker-s-cross-roads,Parker's Cross Roads,http://www.civilwar.org/battlefields/parker-s-cross-roads.html,1862-12-31,1862-12-31,,Henderson County,TN,,Confederate Victory,,,TN011,http://dbpedia.org/resource/Battle_of_Parker's_Cross_Roads
fort-pulaski,Fort Pulaski,http://www.civilwar.org/battlefields/fort-pulaski.html,1862-04-10,1862-04-11,,Chatham County,GA,,Union Victory,,,GA001,http://dbpedia.org/resource/Battle_of_Fort_Pulaski
yorktown,Yorktown,http://www.civilwar.org/battlefields/yorktown.html,1862-04-05,1862-05-04,,York County and Newport News,VA,Peninsula Campaign,Inconclusive,,,VA009,http://dbpedia.org/resource/Siege_of_Yorktown_(1862)
