battle,belligerent,corps,strength_min,strength_max,description,killed,divisions,brigades,ironclads,cavalry_regiments,cavalry_brigades,cavalry_corps,cavalry_divisions,gunboats,casualties,companies,missing,armies,artillery_batteries,wounded,captured,wooden_ships,rams,regiments,ships
AL001,CS,,,,three regiments,,,,,,,,,,65,,,,,,,,,3,
AL001,US,,,,"Men from 51st Indiana Infantry, 73rd Indiana Infantry, 3rd Ohio Infantry, 80th Illinois Infantry, and 1st Middle Tennessee Cavalry",,,,,,,,,,23,,,,,,,,,5,
AL002,CS,,,,1st Alabama Cavalry,,,,,1,,,,,30,,,,,,,,,,
AL002,US,,,,9th Illinois Mounted Infantry,,,,,,,,,,20,,,,,,,,,1,
AL003,CS,,,,"Buchanan's Flotilla (3 gunboats and an ironclad), Fort Morgan Garrison, Fort Gaines Garrison, and Fort Powell Garrison",,,,1,,,,,3,1500,,,,,,,,,,
AL003,US,,,,Farragut's Fleet (14 wooden ships and 4 monitors) and U.S. army forces near Mobile,,,,4,,,,,,322,,,,,,,14,,,
AL004,CS,,,,Army of Tennessee,,,,,,,,,,450,,,1,,,,,,,
AL004,US,,5000,5000,"Garrison and other troops sent there (approx. 5,000 men)",,,,,,,,,,155,,,,,,,,,,
AL005,CS,,,,Spanish Fort Garrison,,,,,,,,,,744,,,,,,,,,,
AL005,US,2,,,XVI and XIII Corps,,,,,,,,,,657,,,,,,,,,,
AL006,CS,,,,Fort Blakely Garrison,,,,,,,,,,3677,,,,,,,,,,
AL006,US,,,,XIII and XVI Corps,,,,,,,,,,798,,,,,,,,,,
AL007,CS,,5000,5000,"troops in city (approx. 5,000 men)",,,,,,,,,,2700,,,,,,,,,,
AL007,US,,,,Two cavalry divisions,,,,,,,,2,,319,,,,,,,,,,
AR001,CS,,,,Army of the West,,,,,,,,,,4600,,,1,,,,,,,
AR001,US,,,,Army of the Southwest,,,,,,,,,,1349,,,1,,,,,,,
AR002,CS,,50,50,fifty men and C.S. boats,,,,,,,,,,155,,,,,,,,,,
AR002,US,,,,46th Indiana and Union Gunboat,,,,,,,,,1,135,,,,,,,,,1,
AR003,CS,,,,unknown,,,,,,,,,,245,,,,,,,,,,
AR003,US,,,,"1st and 2nd Brigade, 1st Division, Army of the Southwest",,,2,,,,,,,63,,,,,,,,,,
AR004,CS,,,,two cavalry brigades,,,,,,2,,,,435,,,,,,,,,,
AR004,US,,,,Department of Missouri,,,,,,,,,,40,,,,,,,,,,
AR005,CS,1,,,"I Corps, Trans-Mississippi Army",,,,,,,,,,1317,,,,,,,,,,
AR005,US,,,,Army of the Frontier,,,,,,,,,,1251,,,1,,,,,,,
AR006,CS,,,,Fort Hindman Garrison,,,,,,,,,,5500,,,,,,,,,,
AR006,US,,,,Army of the Mississippi,,,,,,,,,,1047,,,1,,,,,,,
AR007,CS,,,,Marmaduke's Cavalry Division,,,,,,,,1,,,,,,,,,,,,
AR007,US,,,,"2nd Division, Army of the Frontier and force under command of Brig. Gen. John McNeil",,1,,,,,,,,,,,,,,,,,,
AR008,CS,,,,District of Arkansas,,,,,,,,,,1636,,,,,,,,,,
AR008,US,,,,District of Eastern Arkansas,,,,,,,,,,206,,,,,,,,,,
AR009,CS,,,,Cabell's Brigade,,,1,,,,,,,65,,,,,,,,,,
AR009,US,,,,"2nd Kansas Cavalry, 6th Missouri Cavalry, and two sections of Rabb's 2nd Indiana Battery",,,,,2,,,,,16,,,,,,,,,,
AR010,CS,,,,District of Arkansas,,,,,,,,,,,,,,,,,,,,
AR010,US,,,,"Cavalry Division, Army of Arkansas, Arkansas Expedition",,,,,,,,2,,72,,,,,,,,,,
AR011,CS,,,,division,,1,,,,,,,,,,,,,,,,,,
AR011,US,,,,Pine Bluff Garrison (two under-strength cavalry regiments and a company of state militia),,,,,2,,,,,56,1,,,,,,,,,
AR012,CS,,,,3 cavalry brigades,,,,,,3,,,,54,,,,,,,,,,
AR012,US,,,,"3rd Division, VII Corps and 2 cavalry brigades",,1,,,,2,,,,38,,,,,,,,,,
AR013,CS,,,,District of Arkansas,,,,,,,,,,,,,,,,,,,,
AR013,US,,,,Department of Arkansas,,,,,,,,,,,,,,,,,,,,
AR014,CS,,,,Marmaduke's and Maxey's Divisions,,2,,,,,,,,114,,,,,,,,,,
AR014,US,,1100,1100,"Brigade (1,100 men)",,,,,,,,,,301,,,,,,,,,,
AR015,CS,,,,two divisions,,2,,,,,,,,293,,,,,,,,,,
AR015,US,,,,Infantry brigade,,,1,,,,,,,1500,,,,,,,,,,
AR016,CS,,,,Army of Arkansas,,,,,,,,,,443,,,,,,,,,,
AR016,US,,,,Department of Arkansas,,,,,,,,,,521,,,,,,,,,,
AR017,CS,,,,Marmaduke's Division,,1,,,,,,,,100,,,,,,,,,,
AR017,US,,,,Two brigades of XVI Army Corps,,,2,,,,,,,180,,,,,,,,,,
CO001,I,,500,500,500 Cheyennes and a few Arapahos,,,,,,,,,,200,,,,,,,,,,
CO001,US,,700,700,Third Colorado Regiment (approx. 700 men),,,,,,,,,,,,,,,,,,,,
DC001,CS,,,,,,,,,,,,,,,,,,,,,,,,
DC001,US,,,,,,,,,,,,,,,,,,,,,,,,
FL001,CS,,1200,1200,"infantry and artillery detachments (approx. 1,200 men)",,,,,,,,,,87,,,,,,,,,,
FL001,US,,600,600,Santa Rosa Island Garrison (approx. 600 men),,,,,,,,,,67,,,,,,,,,,
FL002,CS,,,,"Osceola Rangers, company",,,,,,,,,,0,1,,,,,,,,,
FL002,US,,,,One gunboat,,,,,,,,,1,0,,,,,,,,,,
FL003,CS,,,,a small artillery and cavalry force,,,,,,,,,,,,,,,,,,,,
FL003,US,,1573,1573,"Expeditionary Force: 2 infantry regiments, a light artillery battery and detachment of the 1st Massachusetts Cavalry (total force 1,573)",,,,,,,,,,,,,,,,,,,,
FL004,CS,,,,"Company A, 2nd Battalion, Florida Volunteers",,,,,,,,,,,1,,,,,,,,,
FL004,US,,,,"Tahoma, Adela, and landing force",,,,,,,,,2,,,,,,,,,,,
FL005,CS,,,,District of East Florida,,,,,,,,,,946,,,,,,,,,,
FL005,US,,,,Division,,1,,,,,,,,1860,,,,,,,,,,
FL006,CS,,1000,1000,"Kilcrease Artillery; Dunham's Battery; Abell's Battery; 5th Florida Cavalry; 1st Florida Militia; Barwick's Company Reserves; Hodges Company Reserves; Company A, Milton Light Artillery; Companies A, B, and F, Reserves and reinforcements from Georgia amounting to approx. 1,000 men",,,,,,,,,,26,,,,,,,,,,
FL006,US,,,,2nd U.S. Colored Infantry and 99th U.S. Colored Infantry,,,,,,,,,,148,,,,,,,,,2,
GA001,CS,,,,Fort Pulaski Garrison,,,,,,,,,,364,,,,,,,,,,
GA001,US,,,,The Port Royal Expeditionary Force's Fort Pulaski investment troops,,,,,,,,,,1,,,,,,,,,,
GA002,CS,,,,Fort McAllister Garrison,,,,,,,,,,,,,,,,,,,,
GA002,US,,,,Union Navy Flotilla,,,,,,,,,,,,,,,,,,,,
GA003,CS,,,,unknown,,,,,,,,,,,,,,,,,,,,
GA003,US,,,,Two divisions,,2,,,,,,,,,,,,,,,,,,
GA004,CS,,,,Army of Tennessee,,,,,,,,,,18454,,,1,,,,,,,
GA004,US,,,,The Army of the Cumberland,,,,,,,,,,16170,,,1,,,,,,,
GA005,CS,,,,one division,,1,,,,,,,,480,,,,,,,,,,
GA005,US,,,,Three divisions,,3,,,,,,,,432,,,,,,,,,,
GA006,CS,,,,Army of Tennessee,,,,,,,,,,,,,1,,,,,,,
GA006,US,,,,Army of the Cumberland,,,,,,,,,,,,,1,,,,,,,
GA007,CS,,,,Army of Tennessee,,,,,,,,,,,,,1,,,,,,,
GA007,US,,,,Military Division of the Mississippi,,,,,,,,,,,,,,,,,,,,
GA008,CS,,,,Army of Tennessee,,,,,,,,,,2800,,,1,,,,,,,
GA008,US,,,,Military Division of the Mississippi,,,,,,,,,,2747,,,,,,,,,,
GA009,CS,,,,Army of Tennessee,,,,,,,,,,,,,1,,,,,,,
GA009,US,,,,Military Division of the Mississippi,,,,,,,,,,200,,,,,,,,,,
GA010,CS,,,,Army of Tennessee,,,,,,,,,,,,,1,,,,,,,
GA010,US,,,,Military Division of the Mississippi,,,,,,,,,,1600,,,,,,,,,,
GA011,CS,,,,Army of Tennessee,,,,,,,,,,3000,,,1,,,,,,,
GA011,US,,,,Military Division of Mississippi,,,,,,,,,,2400,,,,,,,,,,
GA012,CS,,,,Cleburne's Division and Brig. Gen. John H. Kelly's Brigade,,1,1,,,,,,,500,,,,,,,,,,
GA012,US,1,,,IV Corps,,,,,,,,,,1600,,,,,,,,,,
GA013,CS,,,,Army of Tennessee,,,,,,,,,,,,,1,,,,,,,
GA013,US,,,,Military Division of the Mississippi,,,,,,,,,,,,,,,,,,,,
GA014,CS,1,,,Hood s Corps,,,,,,,,,,1000,,,,,,,,,,
GA014,US,2,,,Two corps,,,,,,,,,,350,,,,,,,,,,
GA015,CS,,,,Army of Tennessee,,,,,,,,,,1000,,,1,,,,,,,
GA015,US,,,,Military Division of the Mississippi,,,,,,,,,,3000,,,,,,,,,,
GA016,CS,,,,Army of Tennessee,,,,,,,,,,4796,,,1,,,,,,,
GA016,US,,,,Army of the Cumberland,,,,,,,,,,1710,,,,,,,,,,
GA017,CS,,,,Army of Tennessee,,,,,,,,,,8499,,,1,,,,,,,
GA017,US,,,,Military Division of the Mississippi,,,,,,,,,,3641,,,,,,,,,,
GA018,CS,2,,,two corps of Army of Tennessee,,,,,,,,,,3000,,,,,,,,,,
GA018,US,,,,Army of the Tennessee,,,,,,,,,,562,,,,,,,,,,
GA019,CS,,,,Army of Tennessee,,,,,,,,,,,,,1,,,,,,,
GA019,US,,,,Army of the Ohio,,,,,,,,,,,,,1,,,,,,,
GA020,CS,,,,Wheeler's cavalry force,,,,,,,,,,,,,,,,,,,,
GA020,US,,,,District of Etowah,,,,,,,,,,,,,,,,,,,,
GA021,CS,,,,Jackson's Cavalry Division,,,,,,,,1,,,,,,,,,,,,
GA021,US,,,,Kilpatrick's Cavalry Division,,,,,,,,1,,,,,,,,,,,,
GA022,CS,2,,,two corps,,,,,,,,,,2000,,,,,,,,,,
GA022,US,6,,,Six corps,,,,,,,,,,1149,,,,,,,,,,
GA023,CS,,2000,2000,"one division (approx. 2,000 men)",,,,,,,,,,799,,,,,,,,,,
GA023,US,,1944,1944,"One brigade (1,944 men)",,,,,,,,,,706,,,,,,,,,,
GA025,CS,,,,"1st Division Georgia Militia and Cavalry Corps, Department of South Carolina, Georgia, and Florida",,1,,,,,,,,650,,,,,,,,,,
GA025,US,,,,"2nd Brigade, 1st Division, XV Corps, Army of the Tennessee and two regiments of cavalry",,,1,,2,,,,,62,,,,,,,,,,
GA026,CS,,,,"cavalry corps, Department of South Carolina, Georgia, and Florida",,,,,,,1,,,600,,,,,,,,,,
GA026,US,,,,"3rd Cavalry Division, Military Division of the Mississippi",,1,,,,,,,,46,,,,,,,,,,
GA027,CS,,,,"Cavalry Command, Army of Tennessee",,,,,,,,,,250,,,,,,,,,,
GA027,US,,,,"3rd Cavalry Division, Military Division of the Mississippi",,,,,,,,1,,190,,,,,,,,,,
GA028,CS,,120,120,Fort McAllister Garrison (120 men),,,,,,,,,,71,,,,,,,,,,
GA028,US,,,,"2nd Division, XV Corps, Army of the Tennessee",,1,,,,,,,,134,,,,,,,,,,
ID001,I,,,,Shoshoni Indians,,,,,,,,,,384,,,,,,,,,,
ID001,US,,,,District of Utah,,,,,,,,,,67,,,,,,,,,,
IN001,CS,,1800,1800,"1,800",,,,,,,,,,41,,,,,,,,,,
IN001,US,,400,400,400,,,,,,,,,,360,,,,,,,,,,
KS001,CS,,,,Quantrill's Raiders and other guerrillas,,,,,,,,,,40,,,,,,,,,,
KS001,US,,,,No Union troops,,,,,,,,,,164,,,,,,,,,,
KS002,CS,,400,400,Quantrill's Raiders (approx. 400),,,,,,,,,,3,,,,,,,,,,
KS002,US,,,,Detachments from three regiments and an escort,,,,,,,,,,103,,,,,,,,,1.5,
KS003,CS,,,,cavalry division,,,,,,,,1,,1200,,,,,,,,,,
KS003,US,,,,Provisional cavalry division,,,,,,,,1,,100,,,,,,,,,,
KS004,CS,,,,cavalry division,,,,,,,,1,,,,,,,,,,,,
KS004,US,,,,Provisional cavalry division,,,,,,,,1,,,,,,,,,,,,
KY001,CS,,800,800,detachment of approx. 800 men under command of Col. Joel A. Battle,,,,,,,,,,5,,,,,,,,,,
KY001,US,,300,300,Home Guard (approx. 300 men),,,,,,,,,,15,,,,,,,,,,
KY002,CS,,,,Zollicoffer's Brigade,,,1,,,,,,,53,,,,,,,,,,
KY002,US,,7000,7000,"Camp Wildcat Garrison and Schoepf's Brigade (approx. 7,000 men)",,,,,,,,,,25,,,,,,,,,,
KY003,CS,,1010,1010,"nine companies of infantry and two of mounted men (1,010 men)",,,,,,,,,,263,,,,,,,,,,
KY003,US,,,,Combination of detachments from twelve Union Ohio and Kentucky units,,,,,,,,,,30,,,,,,,,,,
KY004,CS,,1350,1350,"Terry's Texas Rangers, 7th Texas Cavalry and 1st Arkansas Battalion (approx. 1,350 men)",,,,,,,,,,91,,,,,,,,,,
KY004,US,,,,32nd Indiana Volunteer Infantry Regiment,,,,,,,,,,40,,,,,,,,,1,
KY005,CS,,,,brigade,,,1,,,,,,,65,,,,,,,,,,
KY005,US,,,,18th Brigade,,,1,,,,,,,27,,,,,,,,,,
KY006,CS,,,,division of two brigades,,,2,,,,,,,439,,,,,,,,,,
KY006,US,,,,"1st Division, Army of the Ohio, and Brig. Gen. A. Schoepf's Brigade (total of four brigades)",,1,,,,,,,,232,,,,,,,,,,
KY007,CS,,,,Army of Kentucky,,,,,,,,,,750,,,1,,,,,,,
KY007,US,,,,"1st and 2nd Brigades, Army of Kentucky",,,2,,,,,,,4900,,,,,,,,,,
KY008,CS,,,,Army of the Mississippi,,,,,,,,,,714,,,1,,,,,,,
KY008,US,,,,Union garrison,,,,,,,,,,4148,,,,,,,,,,
KY009,CS,,,,Army of the Mississippi,,,,,,,,,,3196,,,1,,,,,,,
KY009,US,,,,Army of the Ohio,,,,,,,,,,4211,,,,,,,,,,
KY010,CS,,,,Forrest's Cavalry Department,,,,,,,,,,50,,,,,,,,,,
KY010,US,,650,650,Union Garrison (approx. 650 men),,,,,,,,,,90,,,,,,,,,,
KY011,CS,,,,Morgan's Division,,1,,,,,,,,1000,,,,,,,,,,
KY011,US,,,,"168th Regiment Ohio Volunteer Infantry, 171st Ohio National Guard, and the Kentucky Harrison County Home Guards",,,,,,,,,,1092,,,,,,,,,3,
LA001,CS,,,,Garrisons of Forts Jackson and St. Philip and the crews of various ships,,,,,,,,,,782,,,,,,,,,,
LA001,US,,,,West Gulf Blockading Squadron,,,,,,,,,,229,,,,,,,,,,
LA002,CS,,,,Department No. 1,,,,,,,,,,0,,,,,,,,,,
LA002,US,,,,Department of the Gulf,,,,,,,,,,0,,,,,,,,,,
LA003,CS,1,,,Breckinridge's Corps,,,,,,,,,,478,,,,,,,,,,
LA003,US,,,,"2nd Brigade, Department of the Gulf",,,1,,,,,,,371,,,,,,,,,,
LA004,CS,,,,a few partisans,,,,,,,,,,0,,,,,,,,,,
LA004,US,,,,Three Navy ships,,,,,,,,,,0,,,,,,,,,,3
LA005,CS,,1392,1392,"18th Louisiana Infantry Regiment, Crescent Regiment, Ralston's Battery, Detachment of Cavalry, 33rd Louisiana Infantry Regiment, Terre Bonne Regiment Louisiana Militia, Semmes's Battery and 2nd Louisiana Cavalry Regiment (approx. 1,392 men)",,,,,,,,,,229,,,,,,,,,,
LA005,US,,,,"Reserve brigade, Department of the Gulf",,,1,,,,,,,86,,,,,,,,,,
LA006,CS,,,,District of Western Louisiana,,,,,,,,,,450,,,,,,,,,,
LA006,US,,,,"Banks's Department of the Gulf, XIX Army Corps",,,,,,,,,,234,,,,,,,,,,
LA007,CS,,,,"28th Louisiana Infantry, 2nd Louisiana Cavalry, 12th Louisiana Infantry Battalion, 4th Texas Cavalry, and Cornay's Louisiana Battery",,,,,,,,1,,,,,,1,,,,,1.5,
LA007,US,,,,"4th Division, XIX Army Corps",,1,,,,,,,,353,,,,,,,,,,
LA008,CS,,,,District of Western Louisiana,,,,,,,,,,,,,,,,,,,,
LA008,US,,,,"4th Division, XIX Army Corps, Army of the Gulf",,1,,,,,,,,,,,,,,,,,,
LA009,CS,,,,"small combined infantry, artillery, and cavalry force",,,,,,,,,,100,,,,,,,,,,
LA009,US,,,,"1st Division, XIX Army Corps and Cavalry Brigade",,1,,,,,,,,150,,,,,,,,,,
LA010,CS,,,,"Confederate forces, 3rd District, Department of Mississippi and East Louisiana, Port Hudson",,,,,,,,,,7208,,,,,,,,,,
LA010,US,1,,,"XIX Army Corps, Army of the Gulf",,,,,,,,,,5000,,,,,,,,,,
LA011,CS,,,,McCulloch's Brigade,,,1,,,,,,,185,,,,,,,,,,
LA011,US,,,,African Brigade and the 23rd Iowa Volunteer Infantry,,,1,,,,,,,652,,,,,,,,,1,
LA012,CS,,,,2nd Cavalry Brigade,,,,,,1,,,,219,,,,,,,,,,
LA012,US,,838,838,838 men from eight regiments,,,,,,,,,,48,,,,,,,,,,
LA013,CS,,,,Tom Green's Texas Brigade and Colonel James Patrick Major's Texas Brigade,,,2,,,,,,,301,,,,,,,,,,
LA013,US,,,,Fort Butler Garrison: two companies of the 28th Maine Volunteer Infantry and some convalescents from various regiments,,,,,,,,,,23,2,,,,,,,,,
LA014,CS,,,,"12th and 19th Texas cavalry Regiments, 15th Louisiana Cavalry Battalion, Cameron's Louisiana Battery, and Ralston's Mississippi Battery",,,,,0.5,,,,,,,,,2,,,,,2,
LA014,US,,,,"Mississippi Marine Brigade, Brigade of 1st Arkansas Volunteers (African Descent) and 10th Louisiana (African Descent)",,,2,,,,,,,120,,,,,,,,,1,
LA015,CS,,,,two understrength Confederate brigades,,,1,,,,,,,33,,,,,,,,,,
LA015,US,,,,"Godfrey Weitzel's and Cuvier Grover's Divisions, XIX Army Corps",,2,,,,,,,,430,,,,,,,,,,
LA016,CS,,,,forces on the Atchafalaya River,,,,,,,,,,121,,,,,,,,,,
LA016,US,,,,"2nd Division, XIII Army Corps",,1,,,,,,,,454,,,,,,,,,,
LA017,CS,,350,350,Fort DeRussy Garrison (approx. 350 men),,,,,,,,,,269,,,,,,,,,,
LA017,US,,,,"3rd Division, XVI Army Corps",,1,,,,,,,,48,,,,,,,,,,
LA018,CS,,,,District of West Louisiana (two divisions),,2,,,,,,,,1500,,,,,,,,,,
LA018,US,,,,Banks's Red River Expeditionary Force,,,,,,,,,,2900,,,,,,,,,,
LA019,CS,,,,District of West Louisiana,,,,,,,,,,2000,,,,,,,,,,
LA019,US,,,,Red River Expeditionary Force (Banks's Department of the Gulf),,,,,,,,,,1100,,,,,,,,,,
LA020,CS,,,,Green's Cavalry Division,,,,,,,,1,,200,,,,,,,,,,
LA020,US,,,,"Provisional division, XVII Army Corps, Army transports, and U.S. Navy Mississippi Squadron",,1,,,,,,,,7,,,,,,,,,,
LA021,CS,,,,Bee's Cavalry Division,,,,,,,,1,,400,,,,,,,,,,
LA021,US,,,,Red River Expeditionary Force (Banks's Department of the Gulf),,,,,,,,,,200,,,,,,,,,,
LA022,CS,,,,District of West Louisiana,,,,,,,,,,,,,,,,,,,,
LA022,US,,,,Banks's Red River Expeditionary Force,,,,,,,,,,,,,,,,,,,,
LA023,CS,,,,District of Western Louisiana,,,,,,,,,,500,,,,,,,,,,
LA023,US,,,,"1st and 3rd Divisions, XVI Army Corps",,2,,,,,,,,360,,,,,,,,,,
MD001,CS,,,,,,,1,,,,,,,,,,,,,,,,,
MD001,US,,,,,,,1,,,,,,,,,,,,,,,,,
MD002,CS,1,,,,,,,,,,,,,,,,,,,,,,,
MD002,US,1,,,,,,,,,,,,,,,,,,,,,,,
MD003,CS,,,,,,,,,,,,,,,,,1,,,,,,,
MD003,US,,,,,,,,,,,,,,,,,1,,,,,,,
MD004,CS,,,,,,1,,,,,,,,,,,,,,,,,,
MD004,US,,,,,,1,,,,,,,,,,,,,,,,,,
MD006,CS,,,,,,1,,,,,,,,,,,,,,,,,,
MD006,US,,,,,,1,,,,,,,,,,,,,,,,,,
MD007,CS,1,,,,,,,,,,,,,,,,,,,,,,,
MD007,US,1,,,,,,,,,,,,,,,,,,,,,,,
MD008,CS,,,,,,1,,,,,,,,,,,,,,,,,,
MD008,US,,,,,,1,,,,,,,,,,,,,,,,,,
MN001,I,,,,Santee Sioux,,,,,,,,,,,,,,,,,,,,
MN001,US,,,,Fort Ridgely Garrison and refugee civilians,,,,,,,,,,16,,,,,,,,,,
MN002,I,,,,Santee Sioux,,,,,,,,,,,,,,,,,,,,
MN002,US,,1500,1500,"Volunteer troops (about 1,500)",,,,,,,,,,37,,,,,,,,,,
MO001,CS,,,,State Guard Troops,,,,,,,,,,50,,,,,,,,,,
MO001,US,,1700,1700,"Combined force of Missouri troops and Regular U.S. Army (approx. 1,700)",,,,,,,,,,31,,,,,,,,,,
MO002,CS,,,,Missouri State Guard divisions,,1,,,,,,,,200,,,,,,,,,,
MO002,US,,,,Brigade,,,1,,,,,,,44,,,,,,,,,,
MO003,CS,,,,"4th Division, Missouri State Guard",,1,,,,,,,,70,,,,,,,,,,
MO003,US,,600,600,"Detachments of 3rd Iowa Infantry, Home Guards, and artillery (approx. 600 men)",,,,,,,,,,56,,,,,,,,,,
MO004,CS,,,,Missouri State Guard and McCulloch's Brigade,,,,,,,,,,1095,,,,,,,,,,
MO004,US,,,,Army of the West,,,,,,,,,,1235,,,1,,,,,,,
MO005,CS,,,,column of Missouri State Guard,,,,,,,,,,,,,,,,,,,,
MO005,US,,600,600,Kansas Cavalry Brigade (approx. 600),,,,,,,,,,14,,,,,,,,,,
MO006,CS,,12000,12000,"Missouri State Guard (12,000)",,,,,,,,,,100,,,,,,,,,,
MO006,US,,3500,3500,"Garrison (approx. 3,500)",,,,,,,,,,1774,,,,,,,,,,
MO007,CS,,,,Missouri State Guard,,,,,,,,,,62,,,,,,,,,,
MO007,US,,2500,2500,"Brigade size force (approx. 2,500-3,500)",,,,,,,,,,,,,,,,,,,,
MO008,CS,,,,Missouri State Guard troops,,,,,,,,,,133,,,,,,,,,,
MO008,US,,,,Prairie Scouts and Frémont's Body Guard,,,,,,,,,,85,,,,,,,,,,
MO009,CS,,,,division,,1,,,,,,,,966,,,,,,,,,,
MO009,US,,,,Division,,1,,,,,,,,498,,,,,,,,,,
MO010,CS,,,,unknown,,,,,,,,,,210,,,,,,,,,,
MO010,US,,440,440,Detachments of the 3rd Missouri Cavalry Regiment (approx. 240) and Birge's Sharpshooters (approx. 200),,,,,,,,,,72,,,,,,,,,,
MO011,CS,,,,unknown,,,,,,,,,,80,,,,,,,,,,
MO011,US,,450,450,"Detachments from the 1st and 2nd Missouri Cavalry, 4th Ohio Cavalry, and 1st Iowa Cavalry (450)",,,,,,,,,,11,,,,,,,,,,
MO012,CS,,,,Garrisons of New Madrid and Island No. 10,,,,,,,,,,,,,,,,,,,,
MO012,US,,,,Army of the Mississippi,,,,,,,,,,,,,1,,,,,,,
MO013,CS,,,,Missouri Brigade,,,1,,,,,,,368,,,,,,,,,,
MO013,US,,,,Combined force (cavalry and artillery),,,,,,,,,,88,,,,,,,,,,
MO014,CS,,700,700,700-800,,,,,,,,,,,,,,,,,,,,
MO014,US,,344,344,Garrison (approx. 300,,,,,,,,,,344,,,,,,,,,,
MO015,CS,,,,unknown,,,,,,,,,,110,,,,,,,,,,
MO015,US,,800,800,Detachments from fourteen companies of cavalry and a section of artillery (800 men),,,,,,,,,,160,,,,,,,,,,
MO016,CS,,,,Cooper's Division,,1,,,,,,,,100,,,,,,,,,,
MO016,US,,1500,1500,"Two brigades, Army of Kansas (1,500)",,,,,,,,,,245,,,,,,,,,,
MO017,CS,,1000,1000,"cavalry brigade (approx. 1,000 men)",,,,,,,,,,,,,,,,,,,,
MO017,US,,113,113,Detachments of 10th Illinois Cavalry and State Militia (approx. 100 men),,,,,,,,,,113,,,,,,,,,,
MO018,CS,,,,"4th Division, I Corps, Trans-Mississippi Department",,1,,,,,,,,240,,,,,,,,,,
MO018,US,,2000,2000,"Southwestern District of Missouri Troops (2,000)",,,,,,,,,,163,,,,,,,,,,
MO019,CS,,,,"4th Division, I Corps, Trans-Mississippi Department",,1,,,,,,,,329,,,,,,,,,,
MO019,US,,700,700,"Detachment of infantry, cavalry, and artillery (approx. 700)",,,,,,,,,,78,,,,,,,,,,
MO020,CS,,,,cavalry division,,,,,,,,1,,325,,,,,,,,,,
MO020,US,,,,Garrison plus some reinforcements,,,,,,,,,,12,,,,,,,,,,
MO021,CS,,,,Army of Missouri,,,,,,,,,,1500,,,1,,,,,,,
MO021,US,,,,Garrison,,,,,,,,,,184,,,,,,,,,,
MO022,CS,,,,unknown,,,,,,,,,,50,,,,,,,,,,
MO022,US,,800,800,Garrison (800),,,,,,,,,,400,,,,,,,,,,
MO023,CS,,,,Army of Missouri,,,,,,,,,,,,,1,,,,,,,
MO023,US,,,,"1st Division, Army of the Border",,1,,,,,,,,,,,,,,,,,,
MO024,CS,,,,Army of Missouri,,,,,,,,,,,,,1,,,,,,,
MO024,US,,,,"1st Division, Army of the Border",,1,,,,,,,,,,,,,,,,,,
MO025,CS,,,,"Fagan and Marmaduke's Divisions, Army of Missouri",,2,,,,,,,,140,,,,,,,,,,
MO025,US,,,,Provisional cavalry division,,,,,,,,1,,,,,,,,,,,,
MO026,CS,,,,Shelby and Marmaduke's Divisions,,2,,,,,,,,,,,,,,,,,,
MO026,US,,,,"1st Division, Army of the Border and provisional cavalry division",,1,,,,,,1,,,,,,,,,,,,
MO027,CS,,,,Army of Missouri,,,,,,,,,,1500,,,1,,,,,,,
MO027,US,,,,Army of the Border,,,,,,,,,,1500,,,1,,,,,,,
MO028,CS,,,,Army of Missouri,,,,,,,,,,,,,1,,,,,,,
MO028,US,,,,"Two brigades, provisional cavalry division",,,2,,,,,1,,,,,,,,,,,,
MO029,CS,,,,remnants of Price's Army of Missouri,,,,,,,,,,250,,,,,,,,,,
MO029,US,,,,Five brigades,,,5,,,,,,,400,,,,,,,,,,
MS001,CS,,3200,3200,"1st Division, Army of the West (approx. 3,200)",,,,,,,,,,700,,,,,,,,,,
MS001,US,,4000,4000,"2nd Division and cavalry division, Army of the Mississippi (approx. 4,000-4,500)",,,,,,,,,,782,,,,,,,,,,
MS002,CS,,,,Army of the West Tennessee,,,,,,,,,,4838,,,1,,,,,,,
MS002,US,,,,Army of the Mississippi,,,,,,,,,,2359,,,1,,,,,,,
MS003,CS,,,,Department of Mississippi and East Louisiana,,,,,,,,,,207,,,,,,,,,,
MS003,US,0.5,,,"Right Wing, XIII Army Corps",,,,,,,,,,1776,,,,,,,,,,
MS004,CS,,,,Bowen's Division and attached troops,,1,,,,,,,,,,,,,,,,,,
MS004,US,,,,"Mississippi Squadron and Companies A,B,D,F,G,H,K, 58th Ohio Volunteer Infantry Regiment",,,,,,,,,,80,,,,,,,,,,
MS005,CS,,,,Hébert's Brigade,,,1,,,,,,,,,,,,,,,,,
MS005,US,1,,,"XV Army Corps, Department of the Tennessee",,,,,,,,,,,,,,,,,,,,
MS006,CS,,,,Confederate forces in area (one reinforced division: four brigades),,,4,,,,,,,787,,,,,,,,,,
MS006,US,2,,,Army of the Tennessee (comprising two corps),,,,,,,,,,861,,,,,,,,,,
MS007,CS,,,,Gregg's Task Force (equivalent to a brigade),,,1,,,,,,,569,,,,,,,,,,
MS007,US,1,,,"XVII Army Corps, Army of the Tennessee",,,,,,,,,,442,,,,,,,,,,
MS008,CS,,,,Jackson Garrison,,,,,,,,,,850,,,,,,,,,,
MS008,US,,,,Army of the Tennessee,,,,,,,,,,286,,,1,,,,,,,
MS009,CS,,,,Department of Mississippi and East Louisiana,,,,,,,,,,4300,,,,,,,,,,
MS009,US,3,,,Army of the Tennessee (three corps),,,,,,,,,,2457,,,,,,,,,,
MS010,CS,,,,Bridgehead Defense Force (three brigades),,,3,,,,,,,2000,,,,,,,,,,
MS010,US,1,,,"XIII Army Corps, Army of the Tennessee",,,,,,,,,,273,,,,,,,,,,
MS011,CS,,,,Army of Vicksburg,,,,,,,,,,9091,,,1,,,,,,,
MS011,US,,,,Army of the Tennessee,,,,,,,,,,10142,,,1,,,,,,,
MS012,CS,,,,"Department of Alabama, Mississippi and East Louisiana",,,,,,,,,,,,,,,,,,,,
MS012,US,,,,Department of the Tennessee,,,,,,,,,,,,,,,,,,,,
MS013,CS,,,,Forrest's Cavalry Corps,,,,,,,1,,,50,,,,,,,,,,
MS013,US,,7000,7000,"Cavalry force (7,000)",,,,,,,,,,100,,,,,,,,,,
MS014,CS,,,,cavalry corps,,,,,,,1,,,495,,,,,,,,,,
MS014,US,,8500,8500,"Three-brigade division of infantry and a division of cavalry (about 8,500 )",,,,,,,,,,2610,,,,,,,,,,
MS015,CS,,,,"Department of Alabama, Mississippi, and East Louisiana",,,,,,,,,,1300,,,,,,,,,,
MS015,US,,14000,14000,"1st and 3rd Infantry Divisions and Cavalry Division, XVI Army Corps, and 1st Brigade, U.S. Colored Troops (14,000)",,,,,,,,,,648,,,,,,,,,,
MS016,CS,,,,Department No. 2,,,,,,,,,,,,,,,,,,,,
MS016,US,,,,Department of the Mississippi,,,,,,,,,,,,,,,,,,,,
NC001,CS,,900,900,Hatteras Island Garrison (900),,,,,,,,,,770,,,,,,,,,,
NC001,US,,2000,2000,"9th and 20th New York regiments (est. 2,000)",,,,,,,,,,3,,,,,,,,,,
NC002,CS,,3000,3000,"3,000",23,,,,,,,,,2643,,62,,,58,2500,,,,
NC002,US,,7500,7500,"7,500",37,,,,,,,,,264,,13,,,214,0,,,,
NC003,CS,,,,"5 regiments, militia",,,,,,,,,,,,,,,,,,,5,
NC003,US,,,,"Expeditionary Force and Foster's, Reno's, and Parke's Brigades",,,,,,,,,,,,,,,,,,,,
NC004,CS,,,,Fort Macon Garrison,,,,,,,,,,480,,,,,,,,,,
NC004,US,,,,"Parke's Division of Department of North Carolina, 3rd Division",,,,,,,,,,10,,,,,,,,,,
NC005,CS,,,,3rd Georgia,,,,,,,,,,,,,,,,,,,1,
NC005,US,,,,21st Massachusetts and 51st Pennsylvania,,,,,,,,,,,,,,,,,,,2,
NC006,CS,,,,,,,,,,,,,,,,,,,,,,,1,
NC006,US,,,,,,,,,,,,,,,,,,,,,,,1,
NC007,CS,,,,Evans's Brigade,,,1,,,,,,,,,,,,,,,,,
NC007,US,,,,"Department of North Carolina, 1st Division",,1,,,,,,,,,,,,,,,,,,
NC008,CS,,,,Robertson's Brigade,,,1,,,,,,,,,,,,,,,,,
NC008,US,,,,Amory's and Stevenson's Brigades,,,2,,,,,,,,,,,,,,,,,
NC009,CS,,,,Clingman's Brigade,,,1,,,,,,,,,,,,,,,,,
NC009,US,,,,"Department of North Carolina, 1st Division",,1,,,,,,,,,,,,,,,,,,
NC010,CS,,,,Hill's Division,,1,,,,,,,,,,,,,,,,,,
NC010,US,,,,"1st Division, XVIII Corps",,1,,,,,,,,,,,,,,,,,,
NC011,CS,,,,Hill's Division,,1,,,,,,,,,,,,,,,,,,
NC011,US,,,,6 regiments and artillery units,,,,,,,,,,,,,,,,,,,6,
NC012,CS,,,,Hoke's Division,,1,,,,,,,,,,,,,,,,,,
NC012,US,,,,Plymouth Garrison (4 infantry and artillery units),,,,,,,,,,,,,,,,,,,4,
NC013,CS,,,,Confederate ram,,,,,,,,,,,,,,,,,,,,1
NC013,US,,,,9 gunboats,,,,,,,,,9,,,,,,,,,,,
NC014,CS,,,,Hoke's Division and Fort Fisher Garrison,,1,,,,,,,,,,,,,,,,,,
NC014,US,1,,,"Expeditionary Corps, Army of the James",,,,,,,,,,,,,,,,,,,,
NC015,CS,,,,Hoke's Division and Fort Fisher Garrison,,1,,,,,,,,,,,,,,,,,,
NC015,US,1,,,"Expeditionary Corps, Army of the James",,,,,,,,,,,,,,,,,,,,
NC016,CS,,6600,6600,"Hoke's Division, Hagood's Brigade (6,600)",,,,,,,,,,,,,,,,,,,,
NC016,US,,12000,12000,"Cox's, Ames's, and Paine's Divisions (12,000)",,,,,,,,,,,,,,,,,,,,
NC017,CS,,8500,8500,"8,500",,,,,,,,,,1500,,,,,,,,,,
NC017,US,,12000,12000,"12,000",,,,,,,,,,1101,,,,,,,,,,
NC018,CS,,3000,3000,"Wheeler's and Hampton's Cavalry Division (3,000)",,,,,,,,,,86,,,,,,,,,,
NC018,US,,1850,1850,"Kilpatrick's Cavalry Division (1,850)",,,,,,,,,,183,,,,,,,,,,
NC019,CS,,5400,5400,"Hardee's Corps (5,400)",,,,,,,,,,,,,,,,,,,,
NC019,US,,25992,25992,"XX Corps and XIV Corps (25,992)",,,,,,,,,,,,,,,,,,,,
NC020,CS,,,,Johnston's Army,,,,,,,,,,3092,,,1,,,,,,,
NC020,US,2,,,Sherman's Right Wing (XX and XIV Corps),,,,,,,,,,1646,,,,,,,,,,
ND001,I,,,,Santee and Teton Sioux,,,,,,,,,,13,,,,,,,,,,
ND001,US,,,,District of Minnesota,,,,,,,,,,,,,,,,,,,,
ND002,I,,,,Santee and Teton Sioux,,,,,,,,,,,,,,,,,,,,
ND002,US,,,,District of Minnesota,,,,,,,,,,,,,,,,,,,,
ND003,I,,,,Santee and Teton Sioux,,,,,,,,,,,,,,,,,,,,
ND003,US,,,,District of Minnesota,,,,,,,,,,,,,,,,,,,,
ND004,I,,1200,1200,"Santee, Yankton, Cut-heads, Hunkapapa and Teton Sioux and Blackfeet (1,200-1,500)",,,,,,,,,,750,,,,,,,,,,
ND004,US,,600,600,Northwestern Expedition (600-700),,,,,,,,,,72,,,,,,,,,,
ND005,I,,,,Santee and Teton Sioux,,,,,,,,,,,,,,,,,,,,
ND005,US,,2200,2200,"Detachments from eight units (2,200)",,,,,,,,,,,,,,,,,,,,
NM001,CS,,,,Army of New Mexico,,,,,,,,,,187,,,,,,,,,3,
NM001,US,,,,Department of New Mexico (combination of regular and volunteer units),,,,,,,,,,202,,,,,,,,,,
NM002,CS,,,,"4th, 5th, and 7th Texas Cavalry Regiment, artillery, and a company of independent volunteers",,,,,,,,,,189,,,,,,,,,3,
NM002,US,,,,"Northern Division, Army of New Mexico",,1,,,,,,,,142,,,,,,,,,,
OH001,CS,,1700,1700,"1,700",,,,,,,,,,900,,,,,,,,,,
OH001,US,,3000,3000,"3,000",,,,,,,,,,25,,,,,,,,,,
OH002,CS,,400,400,400,,,,,,,,,,364,,,,,,,,,,
OH002,US,,2600,2600,"2,600",,,,,,,,,,0,,,,,,,,,,
OK001,CS,,,,Indian Department,,,,,,,,,,,,,,,,,,,,
OK001,I,,,,Creek and Seminole,,,,,,,,,,,,,,,,,,,,
OK002,CS,,,,Indian Department,,,,,,,,,,,,,,,,,,,,
OK002,I,,,,Creek and Seminole,,,,,,,,,,,,,,,,,,,,
OK003,CS,,,,McIntosh's and Douglas Cooper's brigades,,,2,,,,,,,,,,,,,,,,,
OK003,I,,,,Creek and Seminole,,,,,,,,,,,,,,,,,,,,
OK004,CS,,,,1st Brigade,,,1,,,,,,,150,,,,,,,,,,
OK004,US,,,,"1st Division, Army of the Frontier",,1,,,,,,,,14,,,,,,,,,,
OK005,CS,,,,"Seminole Battalion, Company A, 1st Choctaw and Chickasaw Cavalry Regiment, and a detachment of 20th Texas Regiment",,,,,,,,,,,,,,,,,,,1,
OK005,US,,,,Three companies of the 14th Kansas Cavalry Regiment and a section of Howitzers,,,,,,,,,,,3,,,,,,,,,
OK006,CS,,1600,1600,"two regiments and detachments from two other units (approx. 1,600-1,800)",,,,,,,,,,65,,,,,,,,,,
OK006,US,,,,Detachments from nine units,,,,,,,,,,23,,,,,,,,,,
OK007,CS,,,,"1st Brigade, Native American troops",,,1,,,,,,,637,,,,,,,,,,
OK007,US,,,,District of the Frontier,,,,,,,,,,79,,,,,,,,,,
PA001,CS,,,,,,,1,,,,,,,,,,,,,,,,,
PA001,US,,,,,,,1,,,,,,,,,,,,,,,,,
PA002,CS,,75054,75054,"75,054",,,,,,,,,,28000,,,,,,,,,,
PA002,US,,83289,83289,"83,289",,,,,,,,,,23000,,,,,,,,,,
SC001,CS,,500,500,500,,,,,,,,,,0,,,,,,,,,,
SC001,US,,80,80,80,,,,,,,,,,0,,,,,,,,,,
SC002,CS,,2000,2000,"2,000",,,,,,,,,,204,,,,,,,,,,
SC002,US,,6600,6600,"6,600",,,,,,,,,,685,,,,,,,,,,
SC003,CS,,,,,,,,,,,,,,0,,,,,,,,,1,
SC003,US,,,,,,,,,,,,,,0,,,,,,,,,1,
SC004,CS,,,,,,,,,,,,,,14,,,,,,,,,,
SC004,US,,,,,,,,,,,,,,22,,,,,,,,,,
SC005,CS,,,,,,,1,,,,,,,12,,,,,,,,,,
SC005,US,,,,,,,1,,,,,,,339,,,,,,,,,,
SC006,CS,,3000,3000,"3,000",,,,,,,,,,18,,,,,,,,,,
SC006,US,,3800,3800,"3,800",,,,,,,,,,,,,,,,,,,,
SC007,CS,,1800,1800,"1,800",,,,,,,,,,174,,,,,,,,,,
SC007,US,,5000,5000,"5,000",,,,,,,,,,1515,,,,,,,,,,
SC008,CS,,,,Fort Sumter Garrison,,,,,,,,,,,,,,,,,,,,
SC008,US,,,,Morris Island Batteries,,,,,,,,,,,,,,,,,,,,
SC009,CS,,,,unknown,,,,,,,,,,,,,,,,,,,1,
SC009,US,,413,413,413,,,,,,,,,,117,,,,,,,,,,
SC010,CS,,1400,1400,"1,400",,,,,,,,,,50,,,,,,,,,,
SC010,US,,5000,5000,"5,000",,,,,,,,,,746,,,,,,,,,,
SC011,CS,,1200,1200,"1,200",,,,,,,,,,170,,,,,,,,,,
SC011,US,,5000,5000,"5,000",,,,,,,,,,92,,,,,,,,,,
TN001,CS,,,,Fort Henry Garrison,,,,,,,,,,79,,,,,,,,,,
TN001,US,,,,District of Cairo,,,,,,,,,,40,,,,,,,,,,
TN002,CS,,,,Fort Donelson Garrison,,,,,,,,,,15067,,,,,,,,,,
TN002,US,,,,Army in the Field,,,,,,,,,,2331,,,1,,,,,,,
TN003,CS,,44968,44968,"Army of the Mississippi (44,968)",,,,,,,,,,10699,,,,,,,,,,
TN003,US,,65085,65085,"Army of the Tennessee and Army of the Ohio (65,085)",,,,,,,,,,13047,,,,,,,,,,
TN004,CS,,,,"C.S. Navy Rams General Beauregard, General Bragg, General Price, General Van Dorn, General Thompson, Colonel Lovell, Sumter, and Little Rebel",,,,,,,,,,180,,,,,,,,8,,
TN004,US,,,,"U.S. Ironclads Benton, Louisville, Carondelet, Cairo, and St. Louis and U.S. Army Rams Queen of the West and Monarch",,,,5,,,,,,1,,,,,,,,2,,
TN005,CS,,,,Department,,,,,,,,,,65,,,,,,,,,,
TN005,US,,,,Division,,1,,,,,,,,23,,,,,,,,,,
TN006,CS,,1400,1400,"equivalent of a brigade (about five cavalry units; approx. 1,400)",,,,,,,,,,150,,,,,,,,,,
TN006,US,,900,900,Detachments from four Union units (approx. 900),,,,,,,,,,890,,,,,,,,,,
TN007,CS,,,,Army of the West,,,,,,,,,,400,,,1,,,,,,,
TN007,US,,,,Detachment,,,,,,,,,,500,,,,,,,,,,
TN008,CS,,,,expeditionary force (two brigades),,,2,,,,,,,149,,,,,,,,,,
TN008,US,,,,"39th Brigade, XIV Army Corps (Army of the Cumberland)",,,1,,,,,,,1855,,,,,,,,,,
TN009,CS,,400,400,Detachment of Forrest's Cavalry (approx. 400),,,,,,,,,,,,,,,,,,,,
TN009,US,,,,Two regiments from the Jackson Garrison,,,,,,,,,,6,,,,,,,,,2,
TN010,CS,,,,Army of Tennessee,,,,,,,,,,10266,,,1,,,,,,,
TN010,US,,,,Army of the Cumberland,,,,,,,,,,13249,,,1,,,,,,,
TN011,CS,,,,expeditionary brigade,,,1,,,,,,,500,,,,,,,,,,
TN011,US,,3000,3000,"Two brigades (approx. 3,000 men)",,,,,,,,,,237,,,,,,,,,,
TN012,CS,,2500,2500,"cavalry division (approx. 2,500)",,,,,,,,,,670,,,,,,,,,,
TN012,US,,800,800,Detachments of two regiments: 83rd Illinois Infantry and 5th Iowa Cavalry Regiments and some artillery (approx. 800),,,,,,,,,,126,,,,,,,,,,
TN013,CS,1,,,I Cavalry Corps,,,,,,,,,,300,,,,,,,,,,
TN013,US,,,,Infantry brigade,,,1,,,,,,,1906,,,,,,,,,,
TN014,CS,,3500,3500,"Morgan's Cavalry Division (approx. 3,500)",,,,,,,,,,373,,,,,,,,,,
TN014,US,,1300,1300,"2nd Brigade, 5th Division, XIV Army Corps (a combined force of infantry, artillery, and cavalry comprising detachments from six units; approx. 1,300)",,,,,,,,,,62,,,,,,,,,,
TN015,CS,,,,Forrest's Division,,1,,,,,,,,6,,,,,,,,,,
TN015,US,,400,400,"Detachments of the 22nd Wisconsin Volunteer Infantry, 33rd Indiana, and 19th Michigan Volunteer Infantry regiments, 1st Division, 1st Cavalry Corps (approx. 400)",,,,,,,,,,305,,,,,,,,,,
TN016,CS,,,,"1st Cavalry Corps, Army of Tennessee",,,,,,,1,,,137,,,,,,,,,,
TN016,US,,,,Army of Kentucky,,,,,,,,,,100,,,1,,,,,,,
TN017,CS,,,,"Bate's and Johnson's Brigades, Stewart's Division, Hardee's Corps, Army of Tennessee, and J.R. Butler's 1st [3rd] Kentucky Cavalry Regiment",,,2,,1,,,,,,,,,,,,,,,
TN017,US,1,,,XIV Army Corps,,,,,,,,,,,,,,,,,,,,
TN018,CS,1,,,Hill's Corps,,,,,,,,,,,,,,,,,,,,
TN018,US,,,,Wilder's Brigade,,,1,,,,,,,,,,,,,,,,,
TN019,CS,,1200,1200,"1st Tennessee Cavalry Regiment and Artillery (approx. 1,200)",,,,,,,,,,165,,,,,,,,,,
TN019,US,,,,"2nd Brigade, 4th Division, XXIII Army Corps, Department of the Ohio",,,,,,,,,,27,,,,,,,,,,
TN020,CS,,,,"1st Tennessee Volunteer Cavalry Regiment, 4th Kentucky Cavalry Regiment, and some home guard troops and artillery",,,,,,,,,,216,,,,,,,,,2,
TN020,US,,,,Department of the Ohio,,,,,,,,,,100,,,,,,,,,,
TN021,CS,,,,Hood's Division,,1,,,,,,,,408,,,,,,,,,,
TN021,US,1,,,"XI Army Corps and 2nd Division, XII Army Corps",,1,,,,,,,,420,,,,,,,,,,
TN022,CS,,2500,2500,"cavalry division (2,500)",,,,,,,,,,95,,,,,,,,,,
TN022,US,,850,850,3rd Cavalry Brigade (850),,,,,,,,,,60,,,,,,,,,,
TN023,CS,,,,Confederate Forces in East Tennessee,,,,,,,,,,570,,,,,,,,,,
TN023,US,,,,Department of the Ohio,,,,,,,,,,400,,,,,,,,,,
TN024,CS,,,,Army of Tennessee,,,,,,,,,,6670,,,1,,,,,,,
TN024,US,,,,Military Division of the Mississippi,,,,,,,,,,5815,,,,,,,,,,
TN025,CS,,,,Confederate Forces in East Tennessee,,,,,,,,,,780,,,,,,,,,,
TN025,US,,,,Department of the Ohio,,,,,,,,,,100,,,,,,,,,,
TN026,CS,,,,Confederate Forces in East Tennessee,,,,,,,,,,900,,,,,,,,,,
TN026,US,,,,"Cavalry Corps, Department of the Ohio",,,,,,,1,,,700,,,,,,,,,,
TN027,CS,,2000,2000,"Longstreet's Cavalry, Department of East Tennessee (Sturgis reported that the Confederate cavalry was supported by a brigade of infantry; approx. 2,000 men)",,,,,,,,,,,,,,,,,,,,
TN027,US,,,,"Cavalry Corps, Army of the Ohio and 1st Brigade, 2nd Division, XXIII Army Corps",,,,,,,1,,,151,,,,,,,,,,
TN028,CS,,,,Department of East Tennessee,,,,,,,,,,,,,,,,,,,,
TN028,US,1,,,"Cavalry Corps, Army of the Ohio, and Infantry of the IV Army Corps",,,,,,,1,,,150,,,,,,,,,,
TN029,CS,,,,"Cavalry Division, Department of East Tennessee",,,,,,,,1,,165,,,,,,,,,,
TN029,US,,,,"Cavalry Division, Cavalry Corps, Army of the Ohio",,,,,,,,1,,100,,,,,,,,,,
TN030,CS,,,,"Brig. Gen. James R. Chalmers's 1st Division, Forrest's Cavalry Corps",,1,,,,,,,,80,,,,,,,,,,
TN030,US,,600,600,Detachments from three units (approx. 600),,,,,,,,,,574,,,,,,,,,,
TN031,CS,,400,400,Forrest's Cavalry (approx. 400),,,,,,,,,,34,,,,,,,,,,
TN031,US,,,,Troops stationed at Memphis,,,,,,,,,,160,,,,,,,,,,
TN032,CS,,,,Forrest's Cavalry,,,,,,,,,,,,,,,,,,,,
TN032,US,,4000,4000,"Supply depot garrison (approx. 4,000)",,,,,,,,,,,,,,,,,,,,
TN033,CS,,2400,2400,"Department of Western Virginia and East Tennessee (approx. 2,400)",,,,,,,,,,,,,,,,,,,,
TN033,US,,,,"Governor's Guard Brigade, State of Tennessee",,,1,,,,,,,241,,,,,,,,,,
TN034,CS,,,,Army of Tennessee,,,,,,,,,,,,,1,,,,,,,
TN034,US,1.5,,,XXIII Army Corps and elements of IV Army Corps,,,,,,,,,,,,,,,,,,,,
TN035,CS,,,,Army of Tennessee,,,,,,,,,,,,,1,,,,,,,
TN035,US,1,,,IV and XXIII Army Corps,,,,,,,,,,,,,,,,,,,,
TN036,CS,,,,Army of Tennessee,,,,,,,,,,6261,,,1,,,,,,,
TN036,US,1,,,IV and XXIII Army Corps (Army of the Ohio and Cumberland),,,,,,,,,,2326,,,,,,,,,,
TN037,CS,,6500,6500,"Forrest's Cavalry, Bate's Infantry Division, and Brig. Gen. Claudius Sears's and Brig. Gen. Joseph B. Palmer's Infantry Brigades (6,500-7,000)",,,,,,,,,,197,,,,,,,,,,
TN037,US,,8000,8000,"District of Tennessee (forces in Murfreesboro area; approx. 8,000)",,,,,,,,,,225,,,,,,,,,,
TN038,CS,,,,Army of Tennessee,,,,,,,,,,4462,,,1,,,,,,,
TN038,US,2,,,"IV Army Corps, XXIII Army Corps, Detachment of Army of the Tennessee, provisional detachment, and cavalry corps",,,,,,,1,,,2140,,,,,,,,,,
TX001,CS,,55,55,Fort Griffith Garrison (30) and 25 mounted men 3 1/2 miles away,,,,,,,,,,,,,,,,,,,,
TX001,US,,,,"Steamer Kensington, Schooner Rachel Seaman, and Mortar Schooner Henry James",,,,,,,,,,,,,,,,,,,,3
TX002,CS,,,,,,,,,,,,,,0,,,,,,,,,,
TX002,US,,,,,,,,,,,,,,0,,,,,,,,,,
TX003,CS,,,,"four Confederate gunboats and district of Texas, New Mexico, and Arizona troops",,,,,,,,,,50,,,,,,,,,,4
TX003,US,,,,"Companies D, G and I, 42nd Massachusetts Volunteer Infantry Regiment and the Blockading ships",,,,,,,,,,600,,,,,,,,,1,
TX005,CS,,,,"Detachments from Gidding's Regiment, Anderson's Battalion of Cavalry, and numerous other Confederate units and southern sympathizers",,,,,,,,,,,,,,,,,,,,
TX005,US,,,,"Detachments from the 62nd U.S. Colored Infantry Regiment, 2nd Texas Cavalry Regiment, and 34th Indiana Volunteer Infantry",,,,,,,,,,118,,,,,,,,,1.5,
TX006,CS,,44,44,Texan Davis Guards (44 men),,,,,,,,,,,,,,,,,,,,
TX006,US,,,,4 gunboats and 7 transports loaded with troops,,,,,,,,,,230,,,,,,,,,,11
VA001,CS,,,,battery garrison,,,,,,,,,,,,,,,,,,,,
VA001,US,,,,Two gunboats,,,,,,,,,2,,,,,,,,,,,
VA002,CS,,,,battery garrison,,,,,,,,,,,,,,,,,,,,
VA002,US,,,,3 gunboats,,,,,,,,,3,,,,,,,,,,,
VA003,CS,,1200,1200,"1,200",,,,,,,,,,8,,,,,,,,,,
VA003,US,,3500,3500,"3,500",,,,,,,,,,79,,,,,,,,,,
VA004,CS,,,,,,,1,,,,,,,68,,,,,,,,,,
VA004,US,,,,,,,1,,,,,,,83,,,,,,,,,,
VA005,CS,,32230,32230,"32,230",,,,,,,,,,1750,,,,,,,,,,
VA005,US,,28450,28450,"28,450",,,,,,,,,,2950,,,,,,,,,,
VA006,CS,,1600,1600,"1,600",,,,,,,,,,149,,,,,,,,,,
VA006,US,,2000,2000,"2,000",,,,,,,,,,921,,,,,,,,,,
VA007,CS,,,,,,,1,,,,,,,230,,,,,,,,,,
VA007,US,,,,,,,1,,,,,,,71,,,,,,,,,,
VA008,CS,,,,1 warship,,,,,,,,,,24,,,,,,,,,,1
VA008,US,,,,4 warships,,,,,,,,,,409,,,,,,,,,,4
VA009,CS,,,,,,,,,,,,,,,,,1,,,,,,,
VA009,US,,,,,,,,,,,,,,,,,1,,,,,,,
VA010,CS,,31823,31823,"31,823",,,,,,,,,,1560,,,,,,,,,,
VA010,US,,40768,40768,"40,768",,,,,,,,,,2283,,,,,,,,,,
VA011,CS,,,,,,1,,,,,,,,48,,,,,,,,,,
VA011,US,,,,,,1,,,,,,,,194,,,,,,,,,,
VA012,CS,,,,battery garrison,,,,,,,,,,,,,,,,,,,,
VA012,US,,,,5 gunboats,,,,,,,,,5,,,,,,,,,,,
VA013,CS,,,,,,1,,,,,,,,930,,,,,,,,,,
VA013,US,,,,,,1,,,,,,,,397,,,,,,,,,,
VA014,CS,,,,,,,,,,,,,,7997,,,,,,,,,,
VA014,US,,,,,,,,,,,,,,5739,,,,,,,,,,
VA015,CS,1,,,,,,,,,,,,,541,,,,,,,,,,
VA015,US,1,,,,,,,,,,,,,516,,,,,,,,,,
VA016,CS,,16356,16356,"16,356",,,,,,,,,,1300,,,,,,,,,,
VA016,US,,15631,15631,"15,631",,,,,,,,,,400,,,,,,,,,,
VA017,CS,,57018,57018,"57,018",,,,,,,,,,8700,,,,,,,,,,
VA017,US,,34214,34214,"34,214",,,,,,,,,,6800,,,,,,,,,,
VA018,CS,,,,,,1,,,,,,,,,,,,,,,,,,
VA018,US,,,,,,1,,,,,,,,,,,,,,,,,,
VA019,CS,,,,,,1,,,,,,,,,,,,,,,,,,
VA019,US,,,,,,1,,,,,,,,,,,,,,2500,,,,
VA020,CS,,,,,,,,,,,,,,,,,1,,,,,,,
VA020,US,,,,,,,,,,,,,,,,,1,,,,,,,
VA020A,CS,,,,,,,,,,,,,,,,,1,,,,,,,
VA020A,US,,,,,,,,,,,,,,,,,1,,,,,,,
VA020B,CS,,,,,,,,,,,,,,,,,1,,,,,,,
VA020B,US,,,,,,,,,,,,,,,,,1,,,,,,,
VA021,CS,,,,,,,,,,,,,,,,,1,,,,,,,
VA021,US,,,,,,,,,,,,,,,,,1,,,,,,,
VA022,CS,,16868,16868,"16,868",,,,,,,,,,1307,,,,,,,,,,
VA022,US,,8030,8030,"8,030",,,,,,,,,,1400,,,,,,,,,,
VA023,CS,,,,,,,1,,,,,,,,,,,,,,,,,
VA023,US,,,,,,,1,,,,,,,,,,,,,,,,,
VA024,CS,,,,,,1,,,,,,,,,,,,,,,,,,
VA024,US,,,,,,1,,,,,,,,,,,,,,,,,,
VA025,CS,,,,,,1,,,,,,,,,,,,,,,,,,
VA025,US,,,,,,1,,,,,,,,,,,,,,,,,,
VA026,CS,,,,,,,,,,,,,,8350,,,1,,,,,,,
VA026,US,,,,,,,,,,,,,,13830,,,1,,,,,,,
VA027,CS,,,,,,1,,,,,,,,800,,,,,,,,,,
VA027,US,,,,,,1,,,,,,,,1300,,,,,,,,,,
VA028,CS,,72497,72497,"72,497",,,,,,,,,,4576,,,,,,,,,,
VA028,US,,100007,100007,"100,007",,,,,,,,,,13353,,,,,,,,,,
VA029,CS,,,,,,,,,,,,,,,,,,,,,,,,
VA029,US,,,,,,,,,,,,,,,,,,,,,,,,
VA030,CS,,,,,,,,,,,,,,,,,,,,,,,,
VA030,US,,,,,,,,,,,,,,,,,,,,,,,,
VA031,CS,,,,,,,,,,,,,,,,,,,,,,,,
VA031,US,,,,,,,,,,,,,,,,,,,,,,,,
VA032,CS,,57352,57352,"57,352",,,,,,,,,,10000,,,,,,,,,,
VA032,US,,97382,97382,"97,382",,,,,,,,,,14000,,,,,,,,,,
VA033,CS,1,,,,,,,,,,,,,,,,,,,,,,,
VA033,US,1,,,,,,,,,,,,,,,,,,,,,,,
VA034,CS,1,,,,,,,,,,,,,,,,,,,,,,,
VA034,US,1,,,,,,,,,,,,,,,,,,,,,,,
VA035,CS,,,,,,,,,,,,,,,,,,,,,,,,
VA035,US,,,,,,,,,,,,,,,,,,,,,,,,
VA036,CS,,,,,,,1,,,,,,,,,,,,,,,,,
VA036,US,,,,,,,1,,,,,,,,,,,,,,,,,
VA037,CS,,,,,,1,,,,,,,,,,,,,,,,,,
VA037,US,,,,,,1,,,,,,,,,,,,,,,,,,
VA038,CS,,,,,,1,,,,,,,,,,,,,,,,,,
VA038,US,,,,,,1,,,,,,,,,,,,,,,,,,
VA039,CS,,,,,,,1,,,,,,,,,,,,,,,,,
VA039,US,,,,,,,1,,,,,,,,,,,,,,,,,
VA040,CS,1,,,,,,,,,,,,,,,,,,,,,,,
VA040,US,1,,,,,,,,,,,,,,,,,,,,,,,
VA041,CS,,,,,,,1,,,,,,,,,,,,,,,,,
VA041,US,,,,,,,1,,,,,,,,,,,,,,,,,
VA042,CS,,,,,,1,,,,,,,,,,,,,,,,,,
VA042,US,,,,,,1,,,,,,,,,,,,,,,,,,
VA043,CS,1,,,,,,,,,,,,,,,,,,,,,,,
VA043,US,1,,,,,,,,,,,,,,,,,,,1600,,,,
VA044,CS,,44426,44426,"44,426",,,,,,,,,,680,,,,,,,,,,
VA044,US,,69643,69643,"69,643",,,,,,,,,,1272,,,,,,,,,,
VA045,CS,,,,,,1,,,,,,,,,,,,,,,,,,
VA045,US,,,,,,1,,,,,,,,,,,,,,,,,,
VA046,CS,,61025,61025,"61,025",,,,,,,,,,11400,,,,,,,,,,
VA046,US,,101895,101895,"101,895",,,,,,,,,,18400,,,,,,,,,,
VA047,CS,,,,,,1,,,,,,,,,,,,,,,,,,
VA047,US,,,,,,1,,,,,,,,,,,,,,,,,,
VA048,CS,,52000,52000,"52,000",,,,,,,,,,12000,,,,,,,,,,
VA048,US,,100000,100000,"100,000",,,,,,,,,,18000,,,,,,,,,,
VA049,CS,,,,,,,,,,,,,,,,,,,,,,,,
VA049,US,,,,,,,,,,,,,,,,,,,,,,,,
VA050,CS,,,,,,1,,,,,,,,,,,,,,,,,,
VA050,US,,,,,,1,,,,,,,,,,,,,,,,,,
VA051,CS,,,,,,1,,,,,,,,,,,,,,,,,,
VA051,US,,,,,,1,,,,,,,,,,,,,,,,,,
VA052,CS,,,,,,,1,,,,,,,,,,,,,,,,,
VA052,US,,,,,,,1,,,,,,,,,,,,,,,,,
VA053,CS,,18000,18000,"18,000",,,,,,,,,,,,,,,,,,,,
VA053,US,,30000,30000,"30,000",,,,,,,,,,,,,,,,,,,,
VA054,CS,,,,,,,,,,,,,,,,,,,,,,,,
VA054,US,,,,,,,,,,,,,,,,,,,,,,,,
VA055,CS,,,,,,,,,,,,,,,,,1,,,,,,,
VA055,US,,,,,,,,,,,,,,,,,1,,,,,,,
VA056,CS,,,,,,,1,,,,,,,,,,,,,,,,,
VA056,US,,,,,,,1,,,,,,,,,,,,,,,,,
VA057,CS,1,,,,,,,,,,,,,1100,,,,,,,,,,
VA057,US,1,,,,,,,,,,,,,1100,,,,,,,,,,
VA058,CS,,,,,,1,,,,,,,,400,,,,,,,,,,
VA058,US,,,,,,1,,,,,,,,344,,,,,,,,,,
VA059,CS,,,,,,,1,,,,,,,,,,,,,,,,,
VA059,US,,,,,,,1,,,,,,,,,,,,,,,,,
VA062,CS,,62000,62000,"62,000",,,,,,,,,,2500,,,,,,,,,,
VA062,US,,108000,108000,"108,000",,,,,,,,,,13000,,,,,,,,,,
VA063,CS,,42000,42000,"42,000",,,,,,,,,,3236,,,,,,,,,,
VA063,US,,62000,62000,"62,000",,,,,,,,,,8150,,,,,,,,,,
VA064,CS,,,,,,,,,,,,,,,,,,,,,,,,
VA064,US,,,,,,,,,,,,,,,,,,,,,,,,
VA065,CS,1,,,,,,,,,,,,,,,,,,,,,,,
VA065,US,1,,,,,,,,,,,,,,,,,,,,,,,
VA066,CS,,,,,,1,,,,,,,,,,,,,,,,,,
VA066,US,,,,,,1,,,,,,,,,,,,,,,,,,
VA067,CS,,,,,,1,,,,,,,,,,,,,,,,,,
VA067,US,,,,,,1,,,,,,,,,,,,,,,,,,
VA068,CS,,,,,,1,,,,,,,,,,,,,,,,,,
VA068,US,,,,,,1,,,,,,,,,,,,,,,,,,
VA069,CS,1,,,,,,,,,,,,,,,,,,,,,,,
VA069,US,1,,,,,,,,,,,,,,,,,,,,,,,
VA070,CS,,,,elements of the Army of Northern Virginia,,,,,,,,,,,,,,,,,,,,
VA070,US,,,,IX Corps,,,,,,,,,,,,,,,,,,,,
VA071,CS,1,,,,,,,,,,,,,,,,,,,,,,,
VA071,US,1,,,,,,,,,,,,,,,,,,,,,,,
VA072,CS,,,,,,,,,,,,,,1600,,,,,,,,,,
VA072,US,,,,,,,,,,,,,,4279,,,,,,,,,,
VA073,CS,1,,,,,,,,,,,,,,,,,,,,,,,
VA073,US,1,,,,,,,,,,,,,,,,,,,,,,,
VA074,CS,1,,,,,,,,,,,,,,,,,,,,,,,
VA074,US,1,,,,,,,,,,,,,,,,,,,,,,,
VA075,CS,,,,,,,,,,,,,,,,,1,,,,,,,
VA075,US,,,,,,,,,,,,,,,,,1,,,,,,,
VA076,CS,,,,,,,,,,,,,,,,,,,,,,,,
VA076,US,,,,,,,,,,,,,,,,,,,,,,,,
VA077,CS,1,,,,,,,,,,,,,,,,,,,,,,,
VA077,US,1,,,,,,,,,,,,,,,,,,,,,,,
VA078,CS,1,,,,,,,,,,,,,,,,,,,,,,,
VA078,US,1,,,,,,,,,,,,,,,,,,,,,,,
VA079,CS,,,,,,,,,,,,,,1300,,,,,,,,,,
VA079,US,,,,,,,,,,,,,,1758,,,,,,,,,,
VA080,CS,1,,,,,,,,,,,,,,,,,,,,,,,
VA080,US,1,,,,,,,,,,,,,,,,,,,,,,,
VA081,CS,,,,,,1,,,,,,,,,,,,,,,,,,
VA081,US,,,,,,1,,,,,,,,,,,,,,,,,,
VA082,CS,,,,,,1,,,,,,,,,,,,,,,,,,
VA082,US,,,,,,1,,,,,,,,,,,,,,,,,,
VA083,CS,,13835,13835,"13,835",,,,,,,,,,,,,,,,,,,,
VA083,US,,34517,34517,"34,517",,,,,,,,,,,,,,,,,,,,
VA084,CS,1,,,,,,,,,,,,,2900,,,,,,,,,,
VA084,US,1,,,,,,,,,,,,,950,,,,,,,,,,
VA085,CS,1,,,,,,,,,,,,,370,,,,,,,,,,
VA085,US,1,,,,,,,,,,,,,380,,,,,,,,,,
VA086,CS,,20030,20030,"20,030",,,,,,,,,,,,,,,,,,,,
VA086,US,,45247,45247,"45,247",,,,,,,,,,,,,,,,,,,,
VA087,CS,1,,,,,,,,,,,,,800,,,,,,,,,,
VA087,US,1,,,,,,,,,,,,,1870,,,,,,,,,,
VA088,CS,1,,,,,,,,,,,,,2950,,,,,,,,,,
VA088,US,1,,,,,,,,,,,,,830,,,,,,,,,,
VA089,CS,,,,,,,,,,,,,,4250,,,1,,,,,,,
VA089,US,,,,,,,,,,,,,,3500,,,1,,,,,,,
VA090,CS,,,,,,1,,,,,,,,600,,,,,,,,,,
VA090,US,,,,,,1,,,,,,,,370,,,,,,,,,,
VA091,CS,,,,,,1,,,,,,,,,,,,,,,,,,
VA091,US,,,,,,1,,,,,,,,,,,,,,,,,,
VA092,CS,1,,,,,,,,,,,,,,,,,,,,,,,
VA092,US,1,,,,,,,,,,,,,,,,,,,,,,,
VA093,CS,1,,,,,,,,,,,,,,,,,,,,,,,
VA093,US,1,,,,,,,,,,,,,,,,,,,,,,,
VA094,CS,1,,,,,,,,,,,,,255,,,,,,,,,,
VA094,US,1,,,,,,,,,,,,,655,,,,,,,,,,
VA095,CS,,,,,,1,,,,,,,,,,,,,,,,,,
VA095,US,,,,,,1,,,,,,,,,,,,,,,,,,
VA096,CS,,,,,,1,,,,,,,,,,,,,,,,,,
VA096,US,,,,,,1,,,,,,,,,,,,,,,,,,
VA097,CS,,,,,,,,,,,,,,,,,1,,,,,,,
VA097,US,,,,,,,,,,,,,,,,,1,,,,,,,
VA098,CS,,,,"2,500",,,,,,,,,,,,,,,,,,,,
VA098,US,,4500,4500,"4,500",,,,,,,,,,,,,,,,,,,,
VA099,CS,,,,,,1,,,,,,,,,,,,,,,,,,
VA099,US,,,,,,1,,,,,,,,,,,,,,,,,,
VA100,CS,,,,battery garrison,,,,,,,,,,0,,,,,,,,,,
VA100,US,,,,Two gunboats,,,,,,,,,2,0,,,,,,,,,,
VA101,CS,,3800,3800,"3,800",,,,,,,,,,718,,,,,,,,,,
VA101,US,,8500,8500,"8,500",,,,,,,,,,590,,,,,,,,,,
VA102,CS,,6000,6000,"6,000",,,,,,,,,,,,,,,,,,,,
VA102,US,,6500,6500,"6,500",,,,,,,,,,,,,,,,,,,,
VA103,CS,,3000,3000,"3,000",,,,,,,,,,56,,,,,,,,,,
VA103,US,,1063,1063,"1,063",,,,,,,,,,904,,,,,,,,,,
VA104,CS,,16000,16000,"16,000",,,,,,,,,,400,,,,,,,,,,
VA104,US,,6500,6500,"6,500",,,,,,,,,,2019,,,,,,,,,,
VA105,CS,,5800,5800,"5,800",,,,,,,,,,287,,,,,,,,,,
VA105,US,,11500,11500,"11,500",,,,,,,,,,664,,,,,,,,,,
VA106,CS,,6000,6000,"6,000",,,,,,,,,,816,,,,,,,,,,
VA106,US,,3500,3500,"3,500",,,,,,,,,,1002,,,,,,,,,,
VA107,CS,,12500,12500,"12,500",,,,,,,,,,266,,,,,,,,,,
VA107,US,,7000,7000,"7,000",,,,,,,,,,4443,,,,,,,,,,
VA108,CS,,,,,,1,,,,,,,,,,,,,,,,,,
VA108,US,,,,,,1,,,,,,,,,,,,,,,,,,
VA109,CS,,,,,,,1,,,,,,,,,,,,,,,,,
VA109,US,,,,,,,1,,,,,,,,,,,,,,,,,
VA110,CS,,4090,4090,"4,090",,,,,,,,,,540,,,,,,,,,,
VA110,US,,6275,6275,"6,275",,,,,,,,,,840,,,,,,,,,,
VA111,CS,,5500,5500,"5,500",,,,,,,,,,1500,,,,,,,,,,
VA111,US,,8500,8500,"8,500",,,,,,,,,,875,,,,,,,,,,
VA113,CS,,,,,,,,,,,,,,,,,,,,,,,,
VA113,US,,,,,,,,,,,,,,,,,,,,,,,,
VA114,CS,,8000,8000,"8,000",,,,,,,,,,397,,,,,,,,,,
VA114,US,,5000,5000,"5,000",,,,,,,,,,422,,,,,,,,,,
VA115,CS,,,,,,,,,,,,,,,,,,,,,,,,
VA115,US,,,,,,,,,,,,,,,,,,,,,,,,
VA116,CS,,13000,13000,"13,000",,,,,,,,,,600,,,,,,,,,,
VA116,US,,10000,10000,"10,000",,,,,,,,,,1200,,,,,,,,,,
VA117,CS,,,,,,1,,,,,,,,,,,,,,,,,,
VA117,US,,,,,,1,,,,,,,,,,,,,,,,,,
VA118,CS,1,,,,,,,,,,,,,,,,,,,,,,,
VA118,US,1,,,,,,,,,,,,,,,,,,,,,,,
VA119,CS,,15200,15200,"15,200",,,,,,,,,,3610,,,,,,,,,,
VA119,US,,39240,39240,"39,240",,,,,,,,,,5020,,,,,,,,,,
VA120,CS,,9500,9500,"9,500",,,,,,,,,,1235,,,,,,,,,,
VA120,US,,29444,29444,"29,444",,,,,,,,,,528,,,,,,,,,,
VA121,CS,,3500,3500,"3,500",,,,,,,,,,350,,,,,,,,,,
VA121,US,,6300,6300,"6,300",,,,,,,,,,57,,,,,,,,,,
VA122,CS,,21000,21000,"21,000",,,,,,,,,,2910,,,,,,,,,,
VA122,US,,31945,31945,"31,945",,,,,,,,,,5665,,,,,,,,,,
VA123,CS,,1600,1600,"1,600",,,,,,,,,,,,,,,,,,,,
VA123,US,,2500,2500,"2,500",,,,,,,,,,,,,,,,,,,,
VA124,CS,,,,,,,1,,,,,,,,,,,,,,,,,
VA124,US,,,,,,,1,,,,,,,,,,,,,,,,,
VA125,CS,,,,,,,1,,,,,,,,,,,,,,,,,
VA125,US,,,,,,,1,,,,,,,,,,,,,,,,,
WV001,CS,,,,,,,1,,,,,,,26,,,,,,,,,,
WV001,US,,,,,,,1,,,,,,,4,,,,,,,,,,
WV002,CS,,,,,,,1,,,,,,,91,,,,,,,,,,
WV002,US,,,,,,,1,,,,,,,23,,,,,,,,,,
WV003,CS,,,,,,,1,,,,,,,300,,,,,,,,,,
WV003,US,,,,,,,1,,,,,,,46,,,,,,,,,,
WV004,CS,,,,,,,1,,,,,,,40,,,,,,,,,,
WV004,US,,,,,,,1,,,,,,,245,,,,,,,,,,
WV005,CS,,,,,,,1,,,,,,,90,,,,,,,,,,
WV005,US,,,,,,,1,,,,,,,80,,,,,,,,,,
WV006,CS,,,,,,,1,,,,,,,,,,,,,,,,,
WV006,US,,,,,,,1,,,,,,,,,,,,,,,,,
WV007,CS,,,,,,,1,,,,,,,40,,,,,,,,,,
WV007,US,,,,,,,1,,,,,,,40,,,,,,,,,,
WV008,CS,,,,,,,1,,,,,,,146,,,,,,,,,,
WV008,US,,,,,,,1,,,,,,,137,,,,,,,,,,
WV009,CS,,,,"Army of East Kentucky and Col. Gabriel C. Wharton's Brigade, Department of Southwest Virginia",4,,,,,,,,,16,,0,,,12,0,,,,
WV009,US,,,,District of the Kanawha,23,,,,,,,,,113,,21,,,69,0,,,,
WV010,CS,1,,,,39,,,,,,,,,286,,0,,,247,0,,,,
WV010,US,1,,,,44,,,,,,,,,12636,,0,,,173,12419,,,,
WV012,CS,,,,,,,1,,,,,,,,,,,,,,,,,
WV012,US,,,,,,,1,,,,,,,,,,,,,,,,,
WV013,CS,,,,,,1,,,,,,,,,,,,,,,,,,
WV013,US,,,,,,1,,,,,,,,,,,,,,,,,,
WV014,CS,,,,,,1,,,,,,,,,,,,,,,,,,
WV014,US,,,,,,1,,,,,,,,,,,,,,,,,,
WV015,CS,,,,,,1,,,,,,,,,,,,,,,,,,
WV015,US,,,,,,1,,,,,,,,,,,,,,,,,,
WV016,CS,,,,,,,1,,,,,,,,,,,,,,,,,
WV016,US,,,,,,,1,,,,,,,,,,,,,,,,,
