"battle","battle_name","belligerent","commander","commander_dbpedia","rank"
"AL001","Days Gap","US","Abel Streight","http://dbpedia.org/resource/Abel_Streight","Colonel"
"AL001","Days Gap","CS","Nathan Bedford Forrest","http://dbpedia.org/resource/Nathan_Bedford_Forrest","Brigadier General"
"AL002","Athens","US","Emil Adams","NA","Captain"
"AL002","Athens","CS","Moses W. Hannon","http://dbpedia.org/resource/Moses_Wright_Hannon","Lieutenant Colonel"
"AL003","Mobile Bay","US","David G. Farragut","http://dbpedia.org/resource/David_Farragut","Admiral"
"AL003","Mobile Bay","CS","Franklin Buchanan","http://dbpedia.org/resource/Franklin_Buchanan","Admiral"
"AL003","Mobile Bay","US","Gordon Granger","http://dbpedia.org/resource/Gordon_Granger","Major General"
"AL003","Mobile Bay","CS","Richard L. Page","http://dbpedia.org/resource/Richard_Lucian_Page","Brigadier General"
"AL004","Decatur","CS","John Bell Hood","http://dbpedia.org/resource/John_Bell_Hood","General"
"AL004","Decatur","US","Robert S. Granger","http://dbpedia.org/resource/Robert_S._Granger","Brigadier General"
"AL005","Spanish Fort","US","E.R.S. Canby","http://dbpedia.org/resource/Edward_Canby","Major General"
"AL005","Spanish Fort","CS","Randall L. Gibson","http://dbpedia.org/resource/Randall_L._Gibson","Brigadier General"
"AL006","Fort Blakely","US","E.R.S. Canby","http://dbpedia.org/resource/Edward_Canby","Major General"
"AL007","Selma","US","James Wilson","http://dbpedia.org/resource/James_H._Wilson","Major General"
"AL007","Selma","CS","Nathan Bedford Forrest","http://dbpedia.org/resource/Nathan_Bedford_Forrest","Lieutenant General"
"AL002A","Athens","CS","Nathan Bedford Forrest","http://dbpedia.org/resource/Nathan_Bedford_Forrest",
"AL002A","Athens","US","Wallace Campbell","NA",
"AL002A","Athens","US","Jonas Elliott","NA",
"AL002A","Athens","US","W. H. Lathrop","NA",
"AL002A","Athens","US","George Spalding","https://dbpedia.org/resource/George_Spalding",
"AR001","Pea Ridge","CS","Earl Van Dorn","http://dbpedia.org/resource/Earl_Van_Dorn","Major General"
"AR001","Pea Ridge","US","Samuel R. Curtis","http://dbpedia.org/resource/Samuel_Ryan_Curtis","Major General"
"AR002","Saint Charles","US","Augustus H. Kilty","http://dbpedia.org/resource/Augustus_Kilty","Commander"
"AR002","Saint Charles","US","Graham N. Fitch","http://dbpedia.org/resource/Graham_N._Fitch","Colonel"
"AR003","Hill's Plantation","US","Charles Hovey","http://dbpedia.org/resource/Charles_Edward_Hovey","Colonel"
"AR003","Hill's Plantation","CS","Thomas C. Hindman","http://dbpedia.org/resource/Thomas_C._Hindman","Major General"
"AR003","Hill's Plantation","US","William P. Benton","http://dbpedia.org/resource/William_Plummer_Benton","Brigadier General"
"AR003","Hill's Plantation","CS","William Parsons","NA","Colonel"
"AR004","Cane Hill","US","James G. Blunt","http://dbpedia.org/resource/James_G._Blunt","Brigadier General"
"AR004","Cane Hill","CS","John S. Marmaduke","http://dbpedia.org/resource/John_S._Marmaduke","Brigadier General"
"AR005","Prairie Grove","US","Francis J. Herron","http://dbpedia.org/resource/Francis_J._Herron","Brigadier General"
"AR005","Prairie Grove","US","James G. Blunt","http://dbpedia.org/resource/James_G._Blunt","Brigadier General"
"AR005","Prairie Grove","CS","Thomas C. Hindman","http://dbpedia.org/resource/Thomas_C._Hindman","Major General"
"AR006","Arkansas Post","US","David D. Porter","http://dbpedia.org/resource/David_Dixon_Porter","Rear Admiral"
"AR006","Arkansas Post","US","John A. McClernand","http://dbpedia.org/resource/John_Alexander_McClernand","Major General"
"AR006","Arkansas Post","CS","Thomas J. Churchill","http://dbpedia.org/resource/Thomas_James_Churchill","Brigadier General"
"AR007","Chalk Bluff","CS","John S. Marmaduke","http://dbpedia.org/resource/John_S._Marmaduke","Brigadier General"
"AR007","Chalk Bluff","US","William Vandever","http://dbpedia.org/resource/William_Vandever","Brigadier General"
"AR008","Helena","US","Benjamin M. Prentiss","http://dbpedia.org/resource/Benjamin_Prentiss","Major General"
"AR008","Helena","CS","Theophilus H. Holmes","http://dbpedia.org/resource/Theophilus_H._Holmes","Lieutenant General"
"AR009","Devil's Backbone","CS","W.L. Cabell","http://dbpedia.org/resource/William_L._Cabell","Brigadier General"
"AR009","Devil's Backbone","US","William F. Cloud","http://dbpedia.org/resource/William_F._Cloud","Colonel"
"AR010","Bayou Forche","CS","John S. Marmaduke","http://dbpedia.org/resource/John_S._Marmaduke","Brigadier General"
"AR010","Bayou Forche","US","John W. Davidson","http://dbpedia.org/resource/John_Davidson_(general)","Brigadier General"
"AR011","Pine Bluff","CS","John S. Marmaduke","http://dbpedia.org/resource/John_S._Marmaduke","Brigadier General"
"AR011","Pine Bluff","US","Powell Clayton","http://dbpedia.org/resource/Powell_Clayton","Colonel"
"AR012","Elkins Ferry","US","Fred Steele","http://dbpedia.org/resource/Frederick_Steele","Major General"
"AR012","Elkins Ferry","CS","John S. Marmaduke","http://dbpedia.org/resource/John_S._Marmaduke","Brigadier General"
"AR013","Prairie D'Ane","US","Fred Steele","http://dbpedia.org/resource/Frederick_Steele","Major General"
"AR013","Prairie D'Ane","CS","Sterling Price","http://dbpedia.org/resource/Sterling_Price","Major General"
"AR014","Poison Spring","US","James M. Williams","http://dbpedia.org/resource/James_M._Williams","Colonel"
"AR014","Poison Spring","CS","John S. Marmaduke","http://dbpedia.org/resource/John_S._Marmaduke","Brigadier General"
"AR014","Poison Spring","CS","Samuel Bell Maxey","http://dbpedia.org/resource/Samuel_B._Maxey","Brigadier General"
"AR015","Marks' Mills","US","Francis Drake","http://dbpedia.org/resource/Francis_M._Drake","Lieutenant Colonel"
"AR015","Marks' Mills","CS","James B. Fagan","http://dbpedia.org/resource/James_F._Fagan","Brigadier General"
"AR016","Jenkins' Ferry","CS","E. Kirby Smith","http://dbpedia.org/resource/Edmund_Kirby_Smith","General"
"AR016","Jenkins' Ferry","US","Fred Steele","http://dbpedia.org/resource/Frederick_Steele","Major General"
"AR017","Old River Lake","CS","Colton Greene","http://dbpedia.org/resource/Colton_Greene","Colonel"
"AR017","Old River Lake","US","Joseph A. Mower","http://dbpedia.org/resource/Joseph_A._Mower","Brigadier General"
"AR018","Bayou Meto","US","John S. Marmaduke","http://dbpedia.org/resource/John_S._Marmaduke",
"AR018","Bayou Meto","CS","John W. Davidson","http://dbpedia.org/resource/John_Davidson_(general)",
"CO001","Sand Creek","US","John Chivington","http://dbpedia.org/resource/John_Chivington","Colonel"
"DC001","Fort Stevens","US","Alexander McDowell McCook","http://dbpedia.org/resource/Alexander_McDowell_McCook","Major General"
"DC001","Fort Stevens","US","Horatio G. Wright","http://dbpedia.org/resource/Horatio_Wright","Major General"
"DC001","Fort Stevens","CS","Jubal A. Early","http://dbpedia.org/resource/Jubal_Early","Lieutenant General"
"FL001","Santa Rosa Island","US","Harvey Brown","http://dbpedia.org/resource/Harvey_Brown_(officer)","Colonel"
"FL002","Tampa","US","A.J. Drake","NA","Captain (Naval)"
"FL002","Tampa","CS","J.W. Pearson","NA","Captain"
"FL003","St. Johns Bluff","CS","Charles F. Hopkins","NA","Lieutenant Colonel"
"FL003","St. Johns Bluff","US","John M. Brannan","http://dbpedia.org/resource/John_Milton_Brannan","Brigadier General"
"FL004","Fort Brooke","US","A.A. Semmes","http://dbpedia.org/resource/Alexander_Alderman_Semmes","Lieutenant Commander"
"FL004","Fort Brooke","CS","John Westcott","NA","Captain"
"FL005","Olustee","CS","Joseph Finegan","http://dbpedia.org/resource/Joseph_Finegan","Brigadier General"
"FL005","Olustee","US","Truman Seymour","http://dbpedia.org/resource/Truman_Seymour","Brigadier General"
"FL006","Natural Bridge","US","John Newton","http://dbpedia.org/resource/John_Newton_(engineer)","Major General"
"FL006","Natural Bridge","CS","Sam Jones","http://dbpedia.org/resource/Sam_Jones_(Confederate_Army_officer)","Major General"
"GA001","Fort Pulaski","CS","Charles H. Olmstead","NA","Colonel"
"GA001","Fort Pulaski","US","David Hunter","http://dbpedia.org/resource/David_Hunter","Major General"
"GA001","Fort Pulaski","US","Quincy A. Gillmore","http://dbpedia.org/resource/Quincy_Adams_Gillmore","Captain"
"GA002","Fort McAllister I","CS","George A. Anderson","NA","Captain"
"GA002","Fort McAllister I","US","P. Drayton","http://dbpedia.org/resource/Percival_Drayton","Captain (Naval)"
"GA003","Davis Cross Roads","US","James Negley","http://dbpedia.org/resource/James_S._Negley","Major General"
"GA003","Davis Cross Roads","CS","John C. Breckinridge","http://dbpedia.org/resource/John_C._Breckinridge","Major General"
"GA003","Davis Cross Roads","CS","Thomas C. Hindman","http://dbpedia.org/resource/Thomas_C._Hindman","Major General"
"GA004","Chickamauga","CS","Braxton Bragg","http://dbpedia.org/resource/Braxton_Bragg","General"
"GA004","Chickamauga","US","George H. Thomas","http://dbpedia.org/resource/George_Henry_Thomas","Major General"
"GA004","Chickamauga","CS","James Longstreet","http://dbpedia.org/resource/James_Longstreet","Lieutenant General"
"GA004","Chickamauga","US","William S. Rosecrans","http://dbpedia.org/resource/William_Rosecrans","Major General"
"GA005","Ringgold Gap","US","Joseph Hooker","http://dbpedia.org/resource/Joseph_Hooker","Major General"
"GA005","Ringgold Gap","CS","Patrick R. Cleburne","http://dbpedia.org/resource/Patrick_Cleburne","Major General"
"GA006","Dalton I","US","George H. Thomas","http://dbpedia.org/resource/George_Henry_Thomas","Major General"
"GA006","Dalton I","CS","Joseph E. Johnston","http://dbpedia.org/resource/Joseph_E._Johnston","General"
"GA007","Rocky Face Ridge","CS","Joseph E. Johnston","http://dbpedia.org/resource/Joseph_E._Johnston","General"
"GA007","Rocky Face Ridge","US","William T. Sherman","http://dbpedia.org/resource/William_Tecumseh_Sherman","Major General"
"GA008","Resaca","CS","Joseph E. Johnston","http://dbpedia.org/resource/Joseph_E._Johnston","General"
"GA008","Resaca","US","William T. Sherman","http://dbpedia.org/resource/William_Tecumseh_Sherman","Major General"
"GA009","Adairsville","CS","Joseph E. Johnston","http://dbpedia.org/resource/Joseph_E._Johnston","General"
"GA009","Adairsville","US","William T. Sherman","http://dbpedia.org/resource/William_Tecumseh_Sherman","Major General"
"GA010","New Hope Church","CS","Joseph E. Johnston","http://dbpedia.org/resource/Joseph_E._Johnston","General"
"GA010","New Hope Church","US","Joseph Hooker","http://dbpedia.org/resource/Joseph_Hooker","Major General"
"GA010","New Hope Church","US","William T. Sherman","http://dbpedia.org/resource/William_Tecumseh_Sherman","Major General"
"GA011","Dallas","CS","Joseph E. Johnston","http://dbpedia.org/resource/Joseph_E._Johnston","General"
"GA011","Dallas","US","William T. Sherman","http://dbpedia.org/resource/William_Tecumseh_Sherman","Major General"
"GA012","Picketts Mill","US","Oliver O. Howard","http://dbpedia.org/resource/Oliver_O._Howard","Major General"
"GA012","Picketts Mill","CS","Patrick R. Cleburne","http://dbpedia.org/resource/Patrick_Cleburne","Major General"
"GA013","Marietta [Operations]","CS","Joseph E. Johnston","http://dbpedia.org/resource/Joseph_E._Johnston","General"
"GA013","Marietta [Operations]","US","William T. Sherman","http://dbpedia.org/resource/William_Tecumseh_Sherman","Major General"
"GA014","Kolbs Farm","CS","John Bell Hood","http://dbpedia.org/resource/John_Bell_Hood","Lieutenant General"
"GA014","Kolbs Farm","US","John M. Schofield","http://dbpedia.org/resource/John_Schofield","Major General"
"GA014","Kolbs Farm","US","Joseph Hooker","http://dbpedia.org/resource/Joseph_Hooker","Major General"
"GA015","Kennesaw Mountain","CS","Joseph E. Johnston","http://dbpedia.org/resource/Joseph_E._Johnston","General"
"GA015","Kennesaw Mountain","US","William T. Sherman","http://dbpedia.org/resource/William_Tecumseh_Sherman","Major General"
"GA016","Peachtree Creek","US","George H. Thomas","http://dbpedia.org/resource/George_Henry_Thomas","Major General"
"GA016","Peachtree Creek","CS","John Bell Hood","http://dbpedia.org/resource/John_Bell_Hood","General"
"GA017","Atlanta","CS","John Bell Hood","http://dbpedia.org/resource/John_Bell_Hood","General"
"GA017","Atlanta","US","William T. Sherman","http://dbpedia.org/resource/William_Tecumseh_Sherman","Major General"
"GA018","Ezra Church","CS","John Bell Hood","http://dbpedia.org/resource/John_Bell_Hood","General"
"GA018","Ezra Church","US","Oliver O. Howard","http://dbpedia.org/resource/Oliver_O._Howard","Major General"
"GA019","Utoy Creek","CS","John Bell Hood","http://dbpedia.org/resource/John_Bell_Hood","General"
"GA019","Utoy Creek","US","John M. Schofield","http://dbpedia.org/resource/John_Schofield","Major General"
"GA020","Dalton II","US","James B. Steedman","http://dbpedia.org/resource/James_B._Steedman","Major General"
"GA020","Dalton II","CS","Joseph Wheeler","http://dbpedia.org/resource/Joseph_Wheeler","Major General"
"GA021","Lovejoys Station","US","H. Judson Kilpatrick","http://dbpedia.org/resource/Hugh_Judson_Kilpatrick","Brigadier General"
"GA021","Lovejoys Station","CS","William H. Jackson","http://dbpedia.org/resource/William_Hicks_Jackson","Brigadier General"
"GA022","Jonesborough","CS","William J. Hardee","http://dbpedia.org/resource/William_J._Hardee","Lieutenant General"
"GA022","Jonesborough","US","William T. Sherman","http://dbpedia.org/resource/William_Tecumseh_Sherman","Major General"
"GA023","Allatoona","US","John M. Corse","http://dbpedia.org/resource/John_M._Corse","Brigadier General"
"GA023","Allatoona","CS","Samuel G. French","http://dbpedia.org/resource/Samuel_Gibbs_French","Major General"
"GA025","Griswoldville","US","Charles C. Walcutt","http://dbpedia.org/resource/Charles_C._Walcutt","Brigadier General"
"GA025","Griswoldville","CS","Joseph Wheeler","http://dbpedia.org/resource/Joseph_Wheeler","Major General"
"GA025","Griswoldville","CS","Pleasant J. Philips","http://dbpedia.org/resource/Pleasant_J._Philips","Brigadier General"
"GA026","Buck Head Creek","US","H. Judson Kilpatrick","http://dbpedia.org/resource/Hugh_Judson_Kilpatrick","Brigadier General"
"GA026","Buck Head Creek","CS","Joseph Wheeler","http://dbpedia.org/resource/Joseph_Wheeler","Major General"
"GA027","Waynesborough","US","H. Judson Kilpatrick","http://dbpedia.org/resource/Hugh_Judson_Kilpatrick","Brigadier General"
"GA027","Waynesborough","CS","Joseph Wheeler","http://dbpedia.org/resource/Joseph_Wheeler","Major General"
"GA028","Fort McAllister II","CS","George A. Anderson","NA","Major"
"GA028","Fort McAllister II","US","William B. Hazen","http://dbpedia.org/resource/William_Babcock_Hazen","Brigadier General"
"ID001","Bear River","I","Bear Hunter","http://dbpedia.org/resource/Bear_Hunter","Chief"
"ID001","Bear River","US","Patrick Edward Connor","http://dbpedia.org/resource/Patrick_Edward_Connor","Colonel"
"IN001","Corydon","CS","John Hunt Morgan","http://dbpedia.org/resource/John_Hunt_Morgan","Brigadier General"
"IN001","Corydon","US","Lewis Jordan","NA","Brevet Colonel"
"KS001","Lawrence","CS","William C. Quantrill","http://dbpedia.org/resource/William_Quantrill","Lieutenant Colonel"
"KS002","Baxter Springs","US","James B. Pond","http://dbpedia.org/resource/James_Pond_(Medal_of_Honor)","Lieutenant"
"KS002","Baxter Springs","US","James G. Blunt","http://dbpedia.org/resource/James_G._Blunt","Major General"
"KS002","Baxter Springs","CS","William C. Quantrill","http://dbpedia.org/resource/William_Quantrill","Lieutenant Colonel"
"KS003","Mine Creek","US","Alfred Pleasonton","http://dbpedia.org/resource/Alfred_Pleasonton","General"
"KS003","Mine Creek","CS","James F. Fagan","http://dbpedia.org/resource/James_Fleming_Fagan","Major General"
"KS003","Mine Creek","CS","John S. Marmaduke","http://dbpedia.org/resource/John_S._Marmaduke","Brigadier General"
"KS004","Marais des Cygnes","US","Alfred Pleasonton","http://dbpedia.org/resource/Alfred_Pleasonton","Major General"
"KS004","Marais des Cygnes","CS","James F. Fagan","http://dbpedia.org/resource/James_Fleming_Fagan","Major General"
"KS004","Marais des Cygnes","CS","John S. Marmaduke","http://dbpedia.org/resource/John_S._Marmaduke","Major General"
"KY001","Barbourville","US","Isaac J. Black","NA","Captain"
"KY001","Barbourville","CS","Joel A. Battle","NA","Colonel"
"KY002","Camp Wildcat","US","Albin F. Schoepf","http://dbpedia.org/resource/Albin_Francisco_Schoepf","Brigadier General"
"KY002","Camp Wildcat","CS","Felix Zollicoffer","http://dbpedia.org/resource/Felix_Zollicoffer","Brigadier General"
"KY003","Ivy Mountain","CS","John S. Williams","http://dbpedia.org/resource/John_Stuart_Williams","Colonel"
"KY003","Ivy Mountain","US","Joshua W. Sill","http://dbpedia.org/resource/Joshua_W._Sill","Colonel"
"KY003","Ivy Mountain","US","William Nelson","http://dbpedia.org/resource/William_%22Bull%22_Nelson","Brigadier General"
"KY004","Rowletts Station","US","August Willich","http://dbpedia.org/resource/August_Willich","Colonel"
"KY004","Rowletts Station","CS","Thomas C. Hindman","http://dbpedia.org/resource/Thomas_C._Hindman","Brigadier General"
"KY005","Middle Creek","CS","Humphrey Marshall","http://dbpedia.org/resource/Humphrey_Marshall_(general)","Brigadier General"
"KY005","Middle Creek","US","James Garfield","http://dbpedia.org/resource/James_A._Garfield","Colonel"
"KY006","Mill Springs","CS","George B. Crittenden","http://dbpedia.org/resource/George_B._Crittenden","Major General"
"KY006","Mill Springs","US","George H. Thomas","http://dbpedia.org/resource/George_Henry_Thomas","Brigadier General"
"KY007","Richmond","CS","E. Kirby Smith","http://dbpedia.org/resource/Edmund_Kirby_Smith","Major General"
"KY007","Richmond","US","William Nelson","http://dbpedia.org/resource/William_%22Bull%22_Nelson","Major General"
"KY008","Munfordville","CS","Braxton Bragg","http://dbpedia.org/resource/Braxton_Bragg","General"
"KY008","Munfordville","US","Cyrus L. Dunham","http://dbpedia.org/resource/Cyrus_L._Dunham","Colonel"
"KY008","Munfordville","CS","James R. Chalmers","http://dbpedia.org/resource/James_Ronald_Chalmers","Brigadier General"
"KY008","Munfordville","US","John T. Wilder","http://dbpedia.org/resource/John_T._Wilder","Colonel"
"KY009","Perryville","CS","Braxton Bragg","http://dbpedia.org/resource/Braxton_Bragg","General"
"KY009","Perryville","US","Don Carlos Buell","http://dbpedia.org/resource/Don_Carlos_Buell","Major General"
"KY010","Paducah","US","James W. Shirk","http://dbpedia.org/resource/James_Shirk","Lieutenant Commander"
"KY010","Paducah","CS","Nathan Bedford Forrest","http://dbpedia.org/resource/Nathan_Bedford_Forrest","Major General"
"KY010","Paducah","US","Stephen G. Hicks","http://dbpedia.org/resource/Stephen_G._Hicks","Colonel"
"KY011","Cynthiana","CS","John Hunt Morgan","http://dbpedia.org/resource/John_Hunt_Morgan","Brigadier General"
"KY011","Cynthiana","US","Stephen Gano Burbridge","http://dbpedia.org/resource/Stephen_G._Burbridge","Brigadier General"
"LA001","Forts Jackson and St. Philip","US","David G. Farragut","http://dbpedia.org/resource/David_Farragut","Flag Officer"
"LA001","Forts Jackson and St. Philip","CS","John K. Mitchell","NA","Commander"
"LA001","Forts Jackson and St. Philip","CS","Johnson K. Duncan","http://dbpedia.org/resource/Johnson_K._Duncan","Brigadier General"
"LA002","New Orleans","US","Benjamin Franklin Butler","http://dbpedia.org/resource/Benjamin_Franklin_Butler_(politician)","Major General"
"LA002","New Orleans","US","David G. Farragut","http://dbpedia.org/resource/David_Farragut","Flag Officer"
"LA002","New Orleans","CS","Mansfield Lovell","http://dbpedia.org/resource/Mansfield_Lovell","Major General"
"LA003","Baton Rouge","CS","John C. Breckinridge","http://dbpedia.org/resource/John_C._Breckinridge","Major General"
"LA003","Baton Rouge","US","Thomas Williams","http://dbpedia.org/resource/Thomas_Williams_(general)","Brigadier General"
"LA004","Donaldsonville","US","David G. Farragut","http://dbpedia.org/resource/David_Farragut","Rear Admiral"
"LA004","Donaldsonville","CS","Phillippe Landry","NA","Captain"
"LA005","Georgia Landing","CS","Alfred Mouton","http://dbpedia.org/resource/Alfred_Mouton","Brigadier General"
"LA005","Georgia Landing","US","Godfrey Weitzel","http://dbpedia.org/resource/Godfrey_Weitzel","Brigadier General"
"LA006","Fort Bisland","US","Nathaniel P. Banks","http://dbpedia.org/resource/Nathaniel_P._Banks","Major General"
"LA006","Fort Bisland","CS","Richard Taylor","http://dbpedia.org/resource/Richard_Taylor_(general)","Major General"
"LA007","Irish Bend","US","Cuvier Grover","http://dbpedia.org/resource/Cuvier_Grover","Brigadier General"
"LA007","Irish Bend","CS","Richard Taylor","http://dbpedia.org/resource/Richard_Taylor_(general)","Major General"
"LA008","Vermillion Bayou","US","Cuvier Grover","http://dbpedia.org/resource/Cuvier_Grover","Brigadier General"
"LA008","Vermillion Bayou","CS","Richard Taylor","http://dbpedia.org/resource/Richard_Taylor_(general)","Major General"
"LA009","Plains Store","US","Christopher C. Augur","http://dbpedia.org/resource/Christopher_C._Augur","Major General"
"LA009","Plains Store","CS","Frank P. Powers","NA","Colonel"
"LA009","Plains Store","CS","William R. Miles","NA","Colonel"
"LA010","Port Hudson","CS","Franklin Gardner","http://dbpedia.org/resource/Franklin_Gardner","Major General"
"LA010","Port Hudson","US","Nathaniel P. Banks","http://dbpedia.org/resource/Nathaniel_P._Banks","Major General"
"LA011","Millikens Bend","CS","Henry E. McCulloch","http://dbpedia.org/resource/Henry_Eustace_McCulloch","Brigadier General"
"LA011","Millikens Bend","US","Hermann Lieb","http://dbpedia.org/resource/Hermann_Lieb","Colonel"
"LA012","LaFourche Crossing","US","Albert Stickney","NA","Lieutenant Colonel"
"LA012","LaFourche Crossing","CS","James P. Major","http://dbpedia.org/resource/James_Patrick_Major","Colonel"
"LA013","Donaldsonville","US","Joseph D. Bullen","NA","Major"
"LA013","Donaldsonville","CS","Tom Green","http://dbpedia.org/resource/Thomas_Green_(general)","Brigadier General"
"LA014","Goodrichs Landing","US","Alfred W. Ellet","http://dbpedia.org/resource/Alfred_W._Ellet","Brigadier General"
"LA014","Goodrichs Landing","CS","William H. Parsons","NA","Colonel"
"LA015","Kocks Plantation","US","Cuvier Grover","http://dbpedia.org/resource/Cuvier_Grover","Brigadier General"
"LA015","Kocks Plantation","US","Godfrey Weitzel","http://dbpedia.org/resource/Godfrey_Weitzel","Brigadier General"
"LA015","Kocks Plantation","CS","Tom Green","http://dbpedia.org/resource/Thomas_Green_(general)","Brigadier General"
"LA016","Stirlings Plantation","US","Napoleon J.T. Dana","http://dbpedia.org/resource/Napoleon_J._T._Dana","Major General"
"LA016","Stirlings Plantation","CS","Tom Green","http://dbpedia.org/resource/Thomas_Green_(general)","Brigadier General"
"LA017","Fort DeRussy","US","A.J. Smith","http://dbpedia.org/resource/Andrew_Jackson_Smith","Brigadier General"
"LA017","Fort DeRussy","US","Joseph A. Mower","http://dbpedia.org/resource/Joseph_A._Mower","Brigadier General"
"LA017","Fort DeRussy","CS","William Byrd","NA","Lieutenant Colonel"
"LA018","Mansfield","US","Nathaniel P. Banks","http://dbpedia.org/resource/Nathaniel_P._Banks","Major General"
"LA018","Mansfield","CS","Richard Taylor","http://dbpedia.org/resource/Richard_Taylor_(general)","Major General"
"LA019","Pleasant Hill","US","Nathaniel P. Banks","http://dbpedia.org/resource/Nathaniel_P._Banks","Major General"
"LA019","Pleasant Hill","CS","Richard Taylor","http://dbpedia.org/resource/Richard_Taylor_(general)","Major General"
"LA020","Blairs Landing","US","David D. Porter","http://dbpedia.org/resource/David_Dixon_Porter","Rear Admiral"
"LA020","Blairs Landing","US","Thomas Kilby Smith","http://dbpedia.org/resource/Thomas_Kilby_Smith","Brigadier General"
"LA020","Blairs Landing","CS","Tom Green","http://dbpedia.org/resource/Thomas_Green_(general)","Brigadier General"
"LA021","Monetts Ferry","CS","Hamilton P. Bee","http://dbpedia.org/resource/Hamilton_P._Bee","Brigadier General"
"LA021","Monetts Ferry","US","Nathaniel P. Banks","http://dbpedia.org/resource/Nathaniel_P._Banks","Major General"
"LA022","Mansura","US","Nathaniel P. Banks","http://dbpedia.org/resource/Nathaniel_P._Banks","Major General"
"LA022","Mansura","CS","Richard Taylor","http://dbpedia.org/resource/Richard_Taylor_(general)","Major General"
"LA023","Yellow Bayou","US","Joseph A. Mower","http://dbpedia.org/resource/Joseph_A._Mower","Brigadier General"
"LA023","Yellow Bayou","CS","Richard Taylor","http://dbpedia.org/resource/Richard_Taylor_(general)","Major General"
"MD001","Hancock","US","F.W. Lander","http://dbpedia.org/resource/Frederick_W._Lander","Brigadier General"
"MD001","Hancock","CS","Thomas J. Jackson","http://dbpedia.org/resource/Stonewall_Jackson","Major General"
"MD002","South Mountain","US","George B. McClellan","http://dbpedia.org/resource/George_B._McClellan","Major General"
"MD002","South Mountain","CS","Robert E. Lee","http://dbpedia.org/resource/Robert_E._Lee","General"
"MD003","Antietam","US","George B. McClellan","http://dbpedia.org/resource/George_B._McClellan","Major General"
"MD003","Antietam","CS","Robert E. Lee","http://dbpedia.org/resource/Robert_E._Lee","General"
"MD004","Williamsport","US","George G. Meade","http://dbpedia.org/resource/George_Meade","Major General"
"MD004","Williamsport","CS","Robert E. Lee","http://dbpedia.org/resource/Robert_E._Lee","General"
"MD006","Boonsboro","US","Alfred Pleasonton","http://dbpedia.org/resource/Alfred_Pleasonton","Major General"
"MD006","Boonsboro","CS","J.E.B. Stuart","http://dbpedia.org/resource/J.E.B._Stuart","Major General"
"MD007","Monocacy","CS","Jubal A. Early","http://dbpedia.org/resource/Jubal_Early","Lieutenant General"
"MD007","Monocacy","US","Lew Wallace","http://dbpedia.org/resource/Lew_Wallace","Major General"
"MD008","Folcks Mill","US","Benjamin F. Kelly","http://dbpedia.org/resource/Benjamin_Franklin_Kelley","Brigadier General"
"MD008","Folcks Mill","CS","John McCausland","http://dbpedia.org/resource/John_McCausland","Brigadier General"
"MN001","Fort Ridgely","I","Little Crow","http://dbpedia.org/resource/Little_Crow","Chief"
"MN001","Fort Ridgely","US","Timothy J. Sheehan","NA","First Lieutenant"
"MN002","Wood Lake","US","Henry Hastings Sibley","http://dbpedia.org/resource/Henry_Hastings_Sibley","Colonel"
"MN002","Wood Lake","I","Little Crow","http://dbpedia.org/resource/Little_Crow","Chief"
"MO001","Boonville","CS","John S. Marmaduke","http://dbpedia.org/resource/John_S._Marmaduke","Colonel"
"MO001","Boonville","US","Nathaniel Lyon","http://dbpedia.org/resource/Nathaniel_Lyon","Brigadier General"
"MO002","Carthage","US","Franz Sigel","http://dbpedia.org/resource/Franz_Sigel","Colonel"
"MO003","Liberty","US","John Scott","NA","Lieutenant Colonel"
"MO004","Wilsons Creek","US","Nathaniel Lyon","http://dbpedia.org/resource/Nathaniel_Lyon","Brigadier General"
"MO004","Wilsons Creek","US","Samuel D. Sturgis","http://dbpedia.org/resource/Samuel_D._Sturgis","Major General"
"MO005","Dry Wood Creek","US","J.H. Lane","http://dbpedia.org/resource/James_Henry_Lane_(Indiana_and_Kansas)","Colonel"
"MO005","Dry Wood Creek","CS","James S. Rains","http://dbpedia.org/resource/James_S._Rains","Brigadier General"
"MO005","Dry Wood Creek","CS","Sterling Price","http://dbpedia.org/resource/Sterling_Price","Major General"
"MO006","Lexington","US","James A. Mulligan","http://dbpedia.org/resource/James_A._Mulligan","Colonel"
"MO006","Lexington","CS","Sterling Price","http://dbpedia.org/resource/Sterling_Price","Major General"
"MO007","Fredericktown","US","J.B. Plummer","http://dbpedia.org/resource/Joseph_B._Plummer","Colonel"
"MO007","Fredericktown","CS","M. Jeff Thompson","http://dbpedia.org/resource/M._Jeff_Thompson","Brigadier General"
"MO007","Fredericktown","US","William P. Carlin","http://dbpedia.org/resource/William_Carlin","Colonel"
"MO008","Springfield","CS","James Frazier","NA","Colonel"
"MO008","Springfield","US","James Zagonyi","http://dbpedia.org/resource/Charles_Zagonyi","Major"
"MO009","Belmont","CS","Gideon J. Pillow","http://dbpedia.org/resource/Gideon_Johnson_Pillow","Brigadier General"
"MO009","Belmont","US","Ulysses S. Grant","http://dbpedia.org/resource/Ulysses_S._Grant","Brigadier General"
"MO010","Mount Zion Church","US","Benjamin M. Prentiss","http://dbpedia.org/resource/Benjamin_Prentiss","Brigadier General"
"MO010","Mount Zion Church","CS","Caleb Dorsey","NA","Colonel"
"MO011","Roan's Tan Yard","CS","J.A. Poindexter","http://dbpedia.org/resource/John_A._Poindexter","Colonel"
"MO011","Roan's Tan Yard","US","W.M.G. Torrence","NA","Major"
"MO012","New Madrid/Island No. 10","US","Andrew H. Foote","http://dbpedia.org/resource/Andrew_Hull_Foote","Flag Officer"
"MO012","New Madrid/Island No. 10","CS","John P. McCown","http://dbpedia.org/resource/John_P._McCown","Brigadier General"
"MO012","New Madrid/Island No. 10","US","John Pope","http://dbpedia.org/resource/John_Pope_(military_officer)","Brigadier General"
"MO012","New Madrid/Island No. 10","CS","William W. Mackall","http://dbpedia.org/resource/William_W._Mackall","Brigadier General"
"MO013","Kirksville","US","John McNeil","http://dbpedia.org/resource/John_McNeil","Colonel"
"MO013","Kirksville","CS","Joseph C. Porter","http://dbpedia.org/resource/Joseph_C._Porter","Colonel"
"MO014","Independence","CS","G.W. Thompson","NA","Colonel"
"MO014","Independence","CS","J.T. Hughes","http://dbpedia.org/resource/John_T._Hughes","Colonel"
"MO014","Independence","US","James T. Buel","NA","Lieutenant Colonel"
"MO015","Lone Jack","US","Emory S. Foster","http://dbpedia.org/resource/Emory_S._Foster","Major"
"MO015","Lone Jack","CS","G.W. Thompson","NA","Colonel"
"MO015","Lone Jack","CS","Jeremiah Vard Cockrell","http://dbpedia.org/resource/Jeremiah_V._Cockrell","Colonel"
"MO015","Lone Jack","CS","Upton Hays","http://dbpedia.org/resource/Upton_Hays","Colonel"
"MO016","Newtonia","CS","Douglas H. Cooper","http://dbpedia.org/resource/Douglas_H._Cooper","Colonel"
"MO016","Newtonia","US","Friedrich Salomon","http://dbpedia.org/resource/Frederick_C._Salomon","Brigadier General"
"MO017","Clarks Mill","CS","Colton Greene","http://dbpedia.org/resource/Colton_Greene","Colonel"
"MO017","Clarks Mill","US","Hiram E. Barstow","NA","Captain"
"MO017","Clarks Mill","CS","John Q. Burbridge","NA","Colonel"
"MO018","Springfield","US","Egbert B. Brown","http://dbpedia.org/resource/Egbert_B._Brown","Brigadier General"
"MO018","Springfield","CS","John S. Marmaduke","http://dbpedia.org/resource/John_S._Marmaduke","Brigadier General"
"MO019","Hartville","CS","John S. Marmaduke","http://dbpedia.org/resource/John_S._Marmaduke","Brigadier General"
"MO019","Hartville","US","Samuel Merrill","http://dbpedia.org/resource/Samuel_Merrill_(Iowa)","Colonel"
"MO020","Cape Girardeau","US","John McNeil","http://dbpedia.org/resource/John_McNeil","Brigadier General"
"MO020","Cape Girardeau","CS","John S. Marmaduke","http://dbpedia.org/resource/John_S._Marmaduke","Brigadier General"
"MO021","Fort Davidson","CS","Sterling Price","http://dbpedia.org/resource/Sterling_Price","Major General"
"MO021","Fort Davidson","US","Thomas Ewing Jr.","http://dbpedia.org/resource/Thomas_Ewing,_Jr.","Brigadier General"
"MO022","Glasgow","US","Chester Harding","NA","Colonel"
"MO022","Glasgow","CS","John B. Clark","http://dbpedia.org/resource/John_Bullock_Clark,_Jr.","Brigadier General"
"MO022","Glasgow","CS","Joseph Shelby","http://dbpedia.org/resource/Joseph_O._Shelby","Brigadier General"
"MO023","Lexington","US","James G. Blunt","http://dbpedia.org/resource/James_G._Blunt","Major General"
"MO023","Lexington","CS","Sterling Price","http://dbpedia.org/resource/Sterling_Price","Major General"
"MO024","Little Blue River","US","Samuel R. Curtis","http://dbpedia.org/resource/Samuel_Ryan_Curtis","Major General"
"MO024","Little Blue River","CS","Sterling Price","http://dbpedia.org/resource/Sterling_Price","Major General"
"MO025","Independence","US","Alfred Pleasonton","http://dbpedia.org/resource/Alfred_Pleasonton","Major General"
"MO025","Independence","CS","James F. Fagan","http://dbpedia.org/resource/James_Fleming_Fagan","Brigadier General"
"MO025","Independence","CS","John S. Marmaduke","http://dbpedia.org/resource/John_S._Marmaduke","Brigadier General"
"MO026","Byrams Ford","US","Alfred Pleasonton","http://dbpedia.org/resource/Alfred_Pleasonton","Major General"
"MO026","Byrams Ford","US","James G. Blunt","http://dbpedia.org/resource/James_G._Blunt","Major General"
"MO026","Byrams Ford","CS","John S. Marmaduke","http://dbpedia.org/resource/John_S._Marmaduke","Brigadier General"
"MO026","Byrams Ford","CS","Joseph Shelby","http://dbpedia.org/resource/Joseph_O._Shelby","Brigadier General"
"MO027","Westport","US","Samuel R. Curtis","http://dbpedia.org/resource/Samuel_Ryan_Curtis","Major General"
"MO027","Westport","CS","Sterling Price","http://dbpedia.org/resource/Sterling_Price","Major General"
"MO028","Marmiton River","US","John McNeil","http://dbpedia.org/resource/John_McNeil","Brigadier General"
"MO028","Marmiton River","CS","Sterling Price","http://dbpedia.org/resource/Sterling_Price","Major General"
"MO029","Newtonia","US","James G. Blunt","http://dbpedia.org/resource/James_G._Blunt","Major General"
"MO029","Newtonia","CS","Sterling Price","http://dbpedia.org/resource/Sterling_Price","Major General"
"MS001","Iuka","CS","Sterling Price","http://dbpedia.org/resource/Sterling_Price","Major General"
"MS001","Iuka","US","William S. Rosecrans","http://dbpedia.org/resource/William_Rosecrans","Major General"
"MS002","Corinth","CS","Earl Van Dorn","http://dbpedia.org/resource/Earl_Van_Dorn","Major General"
"MS002","Corinth","US","William S. Rosecrans","http://dbpedia.org/resource/William_Rosecrans","Major General"
"MS003","Chickasaw Bayou","CS","John C. Pemberton","http://dbpedia.org/resource/John_C._Pemberton","Lieutenant General"
"MS003","Chickasaw Bayou","US","William T. Sherman","http://dbpedia.org/resource/William_Tecumseh_Sherman","Major General"
"MS004","Grand Gulf","US","David D. Porter","http://dbpedia.org/resource/David_Dixon_Porter","Rear Admiral"
"MS004","Grand Gulf","CS","John S. Bowen","http://dbpedia.org/resource/John_S._Bowen","Brigadier General"
"MS005","Snyders Bluff","CS","Louis Hébert","http://dbpedia.org/resource/Louis_H%C3%A9bert_(Confederate_Army_officer)","Brigadier General"
"MS005","Snyders Bluff","US","William T. Sherman","http://dbpedia.org/resource/William_Tecumseh_Sherman","Major General"
"MS006","Port Gibson","CS","John S. Bowen","http://dbpedia.org/resource/John_S._Bowen","Brigadier General"
"MS006","Port Gibson","US","Ulysses S. Grant","http://dbpedia.org/resource/Ulysses_S._Grant","Major General"
"MS007","Raymond","US","James B. McPherson","http://dbpedia.org/resource/James_B._McPherson","Major General"
"MS007","Raymond","CS","John Gregg","http://dbpedia.org/resource/John_Gregg_(CSA)","Brigadier General"
"MS008","Jackson","CS","John Gregg","http://dbpedia.org/resource/John_Gregg_(CSA)","Brigadier General"
"MS008","Jackson","CS","Joseph E. Johnston","http://dbpedia.org/resource/Joseph_E._Johnston","General"
"MS008","Jackson","US","Ulysses S. Grant","http://dbpedia.org/resource/Ulysses_S._Grant","Major General"
"MS009","Champion Hill","CS","John C. Pemberton","http://dbpedia.org/resource/John_C._Pemberton","Lieutenant General"
"MS009","Champion Hill","US","Ulysses S. Grant","http://dbpedia.org/resource/Ulysses_S._Grant","Major General"
"MS010","Big Black River Bridge","US","John A. McClernand","http://dbpedia.org/resource/John_Alexander_McClernand","Major General"
"MS010","Big Black River Bridge","CS","John S. Bowen","http://dbpedia.org/resource/John_S._Bowen","Brigadier General"
"MS011","Vicksburg","CS","John C. Pemberton","http://dbpedia.org/resource/John_C._Pemberton","Lieutenant General"
"MS011","Vicksburg","US","Ulysses S. Grant","http://dbpedia.org/resource/Ulysses_S._Grant","Major General"
"MS012","Meridian","CS","Leonidas Polk","http://dbpedia.org/resource/Leonidas_Polk","Lieutenant General"
"MS012","Meridian","US","William T. Sherman","http://dbpedia.org/resource/William_Tecumseh_Sherman","Major General"
"MS013","Okolona","CS","Nathan Bedford Forrest","http://dbpedia.org/resource/Nathan_Bedford_Forrest","Major General"
"MS013","Okolona","US","William Sooy Smith","http://dbpedia.org/resource/William_Sooy_Smith","Brigadier General"
"MS014","Brice's Cross Roads","CS","Nathan Bedford Forrest","http://dbpedia.org/resource/Nathan_Bedford_Forrest","Major General"
"MS014","Brice's Cross Roads","US","Samuel D. Sturgis","http://dbpedia.org/resource/Samuel_D._Sturgis","Brigadier General"
"MS015","Tupelo","US","A.J. Smith","http://dbpedia.org/resource/Andrew_Jackson_Smith","Major General"
"MS015","Tupelo","CS","Nathan Bedford Forrest","http://dbpedia.org/resource/Nathan_Bedford_Forrest","Major General"
"MS015","Tupelo","CS","Stephen D. Lee","http://dbpedia.org/resource/Stephen_D._Lee","Lieutenant General"
"MS016","Corinth","US","Henry W. Halleck","http://dbpedia.org/resource/Henry_Halleck","Major General"
"MS016","Corinth","CS","P.G.T. Beauregard","http://dbpedia.org/resource/P._G._T._Beauregard","General"
"NC001","Hatteras Inlet Batteries","US","Benjamin Butler","http://dbpedia.org/resource/Benjamin_Franklin_Butler_(politician)","Major General"
"NC001","Hatteras Inlet Batteries","CS","William F. Martin","http://dbpedia.org/resource/William_F._Martin","Colonel"
"NC002","Roanoke Island","US","Ambrose E. Burnside","http://dbpedia.org/resource/Ambrose_Burnside","Brigadier General"
"NC002","Roanoke Island","CS","Henry Wise","http://dbpedia.org/resource/Henry_A._Wise","Brigadier General"
"NC003","New Berne","US","Ambrose E. Burnside","http://dbpedia.org/resource/Ambrose_Burnside","Brigadier General"
"NC004","Fort Macon","US","John G. Parke","http://dbpedia.org/resource/John_Parke","Brigadier General"
"NC004","Fort Macon","CS","Moses J. White","NA","Lieutenant Colonel"
"NC005","South Mills","CS","Ambrose Wright","http://dbpedia.org/resource/Ambrose_R._Wright","Colonel"
"NC005","South Mills","US","Jesse Lee Reno","http://dbpedia.org/resource/Jesse_L._Reno","Brigadier General"
"NC006","Tranters Creek","US","F.A. Osborne","NA","Lieutenant Colonel"
"NC006","Tranters Creek","CS","George Singletary","NA","Colonel"
"NC007","Kinston","US","John G. Foster","http://dbpedia.org/resource/John_G._Foster","Brigadier General"
"NC007","Kinston","CS","Nathan Evans","http://dbpedia.org/resource/Nathan_George_Evans","Brigadier General"
"NC008","White Hall","CS","Beverly Robertson","http://dbpedia.org/resource/Beverly_Robertson","Brigadier General"
"NC008","White Hall","US","John G. Foster","http://dbpedia.org/resource/John_G._Foster","Brigadier General"
"NC009","Goldsborough Bridge","US","John G. Foster","http://dbpedia.org/resource/John_G._Foster","Brigadier General"
"NC009","Goldsborough Bridge","CS","Thomas Clingman","http://dbpedia.org/resource/Thomas_Lanier_Clingman","Brigadier General"
"NC010","Fort Anderson","CS","D.H. Hill","http://dbpedia.org/resource/Daniel_Harvey_Hill","Major General"
"NC010","Fort Anderson","US","Hiram Anderson","NA","Lieutenant Colonel"
"NC011","Washington","CS","D.H. Hill","http://dbpedia.org/resource/Daniel_Harvey_Hill","Major General"
"NC011","Washington","US","John G. Foster","http://dbpedia.org/resource/John_G._Foster","Brigadier General"
"NC012","Plymouth","US","Henry W. Wessells","NA","Colonel"
"NC012","Plymouth","CS","Robert Hoke","http://dbpedia.org/resource/Robert_Hoke","Major General"
"NC013","Albemarle Sound","CS","J.W. Cooke","http://dbpedia.org/resource/James_W._Cooke","Commander"
"NC013","Albemarle Sound","US","Melancton Smith","http://dbpedia.org/resource/Melancton_Smith_(1810%E2%80%931893)","Captain (Naval)"
"NC014","Fort Fisher","US","Benjamin Butler","http://dbpedia.org/resource/Benjamin_Franklin_Butler_(politician)","Major General"
"NC014","Fort Fisher","US","David D. Porter","http://dbpedia.org/resource/David_Dixon_Porter","Rear Admiral"
"NC014","Fort Fisher","CS","Robert Hoke","http://dbpedia.org/resource/Robert_Hoke","Major General"
"NC015","Fort Fisher","US","Alfred Terry","http://dbpedia.org/resource/Alfred_Terry","Major General"
"NC015","Fort Fisher","CS","Braxton Bragg","http://dbpedia.org/resource/Braxton_Bragg","General"
"NC015","Fort Fisher","CS","Charles Lamb","http://dbpedia.org/resource/William_Lamb_(Confederate_States_Army_officer)","Colonel"
"NC015","Fort Fisher","US","David D. Porter","http://dbpedia.org/resource/David_Dixon_Porter","Rear Admiral"
"NC015","Fort Fisher","CS","Robert Hoke","http://dbpedia.org/resource/Robert_Hoke","Major General"
"NC016","Wilmington","CS","Braxton Bragg","http://dbpedia.org/resource/Braxton_Bragg","General"
"NC016","Wilmington","US","John M. Schofield","http://dbpedia.org/resource/John_Schofield","Major General"
"NC017","Wyse Fork","CS","Braxton Bragg","http://dbpedia.org/resource/Braxton_Bragg","General"
"NC017","Wyse Fork","US","John M. Schofield","http://dbpedia.org/resource/John_Schofield","Major General"
"NC018","Monroes Cross","US","H. Judson Kilpatrick","http://dbpedia.org/resource/Hugh_Judson_Kilpatrick","Brigadier General"
"NC018","Monroes Cross","CS","Joseph Wheeler","http://dbpedia.org/resource/Joseph_Wheeler","Major General"
"NC018","Monroes Cross","CS","Wade Hampton","http://dbpedia.org/resource/Wade_Hampton_III","Lieutenant General"
"NC019","Averasborough","US","Henry Slocum","http://dbpedia.org/resource/Henry_Warner_Slocum","Major General"
"NC019","Averasborough","CS","William Hardee","http://dbpedia.org/resource/William_J._Hardee","Lieutenant General"
"NC020","Bentonville","US","Henry Slocum","http://dbpedia.org/resource/Henry_Warner_Slocum","Major General"
"NC020","Bentonville","CS","Joseph E. Johnston","http://dbpedia.org/resource/Joseph_E._Johnston","General"
"NC020","Bentonville","US","William T. Sherman","http://dbpedia.org/resource/William_Tecumseh_Sherman","Major General"
"ND001","Big Mound","US","Henry Hastings Sibley","http://dbpedia.org/resource/Henry_Hastings_Sibley","Brigadier General"
"ND001","Big Mound","I","Inkpaduta","http://dbpedia.org/resource/Inkpaduta","Chief"
"ND002","Dead Buffalo Lake","US","Henry Hastings Sibley","http://dbpedia.org/resource/Henry_Hastings_Sibley","Brigadier General"
"ND002","Dead Buffalo Lake","I","Inkpaduta","http://dbpedia.org/resource/Inkpaduta","Chief"
"ND003","Stony Lake","US","Henry Hastings Sibley","http://dbpedia.org/resource/Henry_Hastings_Sibley","Brigadier General"
"ND003","Stony Lake","I","Inkpaduta","http://dbpedia.org/resource/Inkpaduta","Chief"
"ND004","Whitestone Hill","US","Alfred Sully","http://dbpedia.org/resource/Alfred_Sully","Brigadier General"
"ND004","Whitestone Hill","I","Inkpaduta","http://dbpedia.org/resource/Inkpaduta","Chief"
"ND005","Killdeer Mountain","US","Alfred Sully","http://dbpedia.org/resource/Alfred_Sully","Brigadier General"
"ND005","Killdeer Mountain","I","Inkpaduta","http://dbpedia.org/resource/Inkpaduta","Chief"
"NM001","Valverde","US","E.R.S. Canby","http://dbpedia.org/resource/Edward_Canby","Colonel"
"NM001","Valverde","CS","Henry Hastings Sibley","http://dbpedia.org/resource/Henry_Hastings_Sibley","Brigadier General"
"NM001","Valverde","CS","Tom Green","http://dbpedia.org/resource/Thomas_Green_(general)","Colonel"
"NM002","Glorieta Pass","CS","Charles L. Pyron","http://dbpedia.org/resource/Charles_L._Pyron","Major"
"NM002","Glorieta Pass","US","John Chivington","http://dbpedia.org/resource/John_Chivington","Major"
"NM002","Glorieta Pass","US","John P. Slough","http://dbpedia.org/resource/John_P._Slough","Colonel"
"NM002","Glorieta Pass","CS","William R. Scurry","http://dbpedia.org/resource/William_Read_Scurry","Lieutenant Colonel"
"OH001","Buffington Island","US","Edward H. Hobson","http://dbpedia.org/resource/Edward_H._Hobson","Brigadier General"
"OH001","Buffington Island","CS","John Hunt Morgan","http://dbpedia.org/resource/John_Hunt_Morgan","Brigadier General"
"OH002","Salineville","US","James Shackelford","http://dbpedia.org/resource/James_M._Shackelford","Brigadier General"
"OH002","Salineville","CS","John Hunt Morgan","http://dbpedia.org/resource/John_Hunt_Morgan","Brigadier General"
"OK001","Round Mountain","CS","Douglas H. Cooper","http://dbpedia.org/resource/Douglas_H._Cooper","Colonel"
"OK001","Round Mountain","I","Opothleyahola","http://dbpedia.org/resource/Opothleyahola","Chief"
"OK002","Chusto-Talasah","CS","Douglas H. Cooper","http://dbpedia.org/resource/Douglas_H._Cooper","Colonel"
"OK002","Chusto-Talasah","I","Opothleyahola","http://dbpedia.org/resource/Opothleyahola","Chief"
"OK003","Chustenahlah","CS","James McQueen McIntosh","http://dbpedia.org/resource/James_M._McIntosh","Colonel"
"OK003","Chustenahlah","I","Opothleyahola","http://dbpedia.org/resource/Opothleyahola","Chief"
"OK004","Old Fort Wayne","CS","Douglas H. Cooper","http://dbpedia.org/resource/Douglas_H._Cooper","Colonel"
"OK004","Old Fort Wayne","US","James G. Blunt","http://dbpedia.org/resource/James_G._Blunt","Brigadier General"
"OK005","Middle Boggy Depot","US","Charles Willette","NA","Major"
"OK005","Middle Boggy Depot","CS","John Jumper","NA","Lieutenant Colonel"
"OK006","Cabin Creek","US","James M. Williams","NA","Colonel"
"OK006","Cabin Creek","CS","Stand Watie","http://dbpedia.org/resource/Stand_Watie","Colonel"
"OK007","Honey Springs","CS","Douglas H. Cooper","http://dbpedia.org/resource/Douglas_H._Cooper","Brigadier General"
"OK007","Honey Springs","US","James G. Blunt","http://dbpedia.org/resource/James_G._Blunt","Major General"
"PA001","Hanover","US","H. Judson Kilpatrick","http://dbpedia.org/resource/Hugh_Judson_Kilpatrick","Brigadier General"
"PA001","Hanover","CS","J.E.B. Stuart","http://dbpedia.org/resource/J.E.B._Stuart","Major General"
"PA002","Gettysburg","US","George G. Meade","http://dbpedia.org/resource/George_Meade","Major General"
"PA002","Gettysburg","CS","Robert E. Lee","http://dbpedia.org/resource/Robert_E._Lee","General"
"SC001","Fort Sumter","CS","P.G.T. Beauregard","http://dbpedia.org/resource/P._G._T._Beauregard","Brigadier General"
"SC001","Fort Sumter","US","Robert Anderson","http://dbpedia.org/resource/Robert_Anderson_(Civil_War)","Major"
"SC002","Secessionville","US","Henry Benham","http://dbpedia.org/resource/Henry_Washington_Benham","Brigadier General"
"SC002","Secessionville","CS","Nathan Evans","http://dbpedia.org/resource/Nathan_George_Evans","Brigadier General"
"SC003","Simmons Bluff","US","A.C. Rhind","http://dbpedia.org/resource/A._C._Rhind","Lieutenant"
"SC003","Simmons Bluff","CS","James McCullough","NA","Colonel"
"SC004","Charleston Harbor","CS","P.G.T. Beauregard","http://dbpedia.org/resource/P._G._T._Beauregard","General"
"SC004","Charleston Harbor","US","S.F. Du Pont","http://dbpedia.org/resource/Samuel_Francis_Du_Pont","Rear Admiral"
"SC005","Fort Wagner","CS","P.G.T. Beauregard","http://dbpedia.org/resource/P._G._T._Beauregard","General"
"SC005","Fort Wagner","US","Qunicy Gillmore","http://dbpedia.org/resource/Quincy_Adams_Gillmore","Brigadier General"
"SC006","Grimballs Landing","US","Alfred H. Terry","http://dbpedia.org/resource/Alfred_Terry","Brigadier General"
"SC006","Grimballs Landing","CS","Johnson Hagood","http://dbpedia.org/resource/Johnson_Hagood_(governor)","Brigadier General"
"SC007","Fort Wagner/Morris Island","CS","P.G.T. Beauregard","http://dbpedia.org/resource/P._G._T._Beauregard","General"
"SC007","Fort Wagner/Morris Island","US","Quincy Gillmore","http://dbpedia.org/resource/Quincy_Adams_Gillmore","Major General"
"SC008","Fort Sumter","CS","P.G.T. Beauregard","http://dbpedia.org/resource/P._G._T._Beauregard","General"
"SC008","Fort Sumter","US","Quincy Gillmore","http://dbpedia.org/resource/Quincy_Adams_Gillmore","Major General"
"SC009","Charleston Harbor","CS","P.G.T. Beauregard","http://dbpedia.org/resource/P._G._T._Beauregard","General"
"SC009","Charleston Harbor","US","Quincy Gillmore","http://dbpedia.org/resource/Quincy_Adams_Gillmore","Major General"
"SC010","Honey Hill","CS","Charles Colcock","NA","Colonel"
"SC010","Honey Hill","US","John Hatch","http://dbpedia.org/resource/John_Porter_Hatch","Major General"
"SC011","Rivers Bridge","US","Francis P. Blair","http://dbpedia.org/resource/Francis_Preston_Blair,_Jr.","Major General"
"SC011","Rivers Bridge","CS","Lafayette McLaws","http://dbpedia.org/resource/Lafayette_McLaws","Major General"
"TN001","Fort Henry","US","Andrew H. Foote","http://dbpedia.org/resource/Andrew_Hull_Foote","Flag Officer"
"TN001","Fort Henry","CS","Lloyd Tilghman","http://dbpedia.org/resource/Lloyd_Tilghman","Brigadier General"
"TN001","Fort Henry","US","Ulysses S. Grant","http://dbpedia.org/resource/Ulysses_S._Grant","Brigadier General"
"TN002","Fort Donelson","US","Andrew H. Foote","http://dbpedia.org/resource/Andrew_Hull_Foote","Flag Officer"
"TN002","Fort Donelson","CS","Gideon J. Pillow","http://dbpedia.org/resource/Gideon_Johnson_Pillow","Brigadier General"
"TN002","Fort Donelson","CS","John Floyd","http://dbpedia.org/resource/John_B._Floyd","Brigadier General"
"TN002","Fort Donelson","CS","Simon B. Buckner","http://dbpedia.org/resource/Simon_Bolivar_Buckner","Brigadier General"
"TN002","Fort Donelson","US","Ulysses S. Grant","http://dbpedia.org/resource/Ulysses_S._Grant","Brigadier General"
"TN003","Shiloh","CS","Albert Sidney Johnston","http://dbpedia.org/resource/Albert_Sidney_Johnston","General"
"TN003","Shiloh","US","Don Carlos Buell","http://dbpedia.org/resource/Don_Carlos_Buell","Major General"
"TN003","Shiloh","CS","P.G.T. Beauregard","http://dbpedia.org/resource/P._G._T._Beauregard","General"
"TN003","Shiloh","US","Ulysses S. Grant","http://dbpedia.org/resource/Ulysses_S._Grant","Major General"
"TN004","Memphis","US","Charles Ellet","http://dbpedia.org/resource/Charles_Ellet,_Jr.","Colonel"
"TN004","Memphis","US","Charles H. Davis","http://dbpedia.org/resource/Charles_Henry_Davis","Flag Officer"
"TN004","Memphis","CS","James E. Montgomery","NA","Captain (Naval)"
"TN004","Memphis","CS","M. Jeff Thompson","http://dbpedia.org/resource/M._Jeff_Thompson","Brigadier General"
"TN005","Chattanooga","CS","E. Kirby Smith","http://dbpedia.org/resource/Edmund_Kirby_Smith","Major General"
"TN005","Chattanooga","US","James Negley","http://dbpedia.org/resource/James_S._Negley","Brigadier General"
"TN006","Murfreesboro","CS","Nathan Bedford Forrest","http://dbpedia.org/resource/Nathan_Bedford_Forrest","Brigadier General"
"TN006","Murfreesboro","US","Thomas T. Crittenden","http://dbpedia.org/resource/Thomas_Turpin_Crittenden","Brigadier General"
"TN007","Hatchies Bridge","CS","Earl Van Dorn","http://dbpedia.org/resource/Earl_Van_Dorn","Major General"
"TN007","Hatchies Bridge","US","Edward O.C. Ord","http://dbpedia.org/resource/Edward_Ord","Major General"
"TN007","Hatchies Bridge","US","Stephen A. Hurlbut","http://dbpedia.org/resource/Stephen_A._Hurlbut","Major General"
"TN008","Hartsville","US","Absalom B. Moore","NA","Colonel"
"TN008","Hartsville","CS","John Hunt Morgan","http://dbpedia.org/resource/John_Hunt_Morgan","Brigadier General"
"TN009","Jackson","US","Adolph Englemann","NA","Colonel"
"TN009","Jackson","CS","Nathan Bedford Forrest","http://dbpedia.org/resource/Nathan_Bedford_Forrest","Brigadier General"
"TN010","Stones River","CS","Braxton Bragg","http://dbpedia.org/resource/Braxton_Bragg","General"
"TN010","Stones River","US","William S. Rosecrans","http://dbpedia.org/resource/William_Rosecrans","Major General"
"TN011","Parkers Cross Roads","US","Jeremiah C. Sullivan","http://dbpedia.org/resource/Jeremiah_C._Sullivan","Brigadier General"
"TN011","Parkers Cross Roads","CS","Nathan Bedford Forrest","http://dbpedia.org/resource/Nathan_Bedford_Forrest","Brigadier General"
"TN012","Dover","US","A.C. Harding","http://dbpedia.org/resource/Abner_C._Harding","Colonel"
"TN012","Dover","CS","Joseph Wheeler","http://dbpedia.org/resource/Joseph_Wheeler","Major General"
"TN013","Thompsons Station","CS","Earl Van Dorn","http://dbpedia.org/resource/Earl_Van_Dorn","Major General"
"TN013","Thompsons Station","US","John Coburn","http://dbpedia.org/resource/John_Coburn_(politician)","Colonel"
"TN014","Vaughts Hill","US","Albert S. Hall","NA","Colonel"
"TN014","Vaughts Hill","CS","John Hunt Morgan","http://dbpedia.org/resource/John_Hunt_Morgan","Brigadier General"
"TN015","Brentwood","US","Edward Bloodgood","NA","Lieutenant Colonel"
"TN015","Brentwood","CS","Nathan Bedford Forrest","http://dbpedia.org/resource/Nathan_Bedford_Forrest","Brigadier General"
"TN016","Franklin","CS","Earl Van Dorn","http://dbpedia.org/resource/Earl_Van_Dorn","Major General"
"TN016","Franklin","US","Gordon Granger","http://dbpedia.org/resource/Gordon_Granger","Major General"
"TN017","Hoovers Gap","CS","Alexander P. Stewart","http://dbpedia.org/resource/Alexander_P._Stewart","Major General"
"TN017","Hoovers Gap","US","George H. Thomas","http://dbpedia.org/resource/George_Henry_Thomas","Major General"
"TN018","Chattanooga","US","John T. Wilder","http://dbpedia.org/resource/John_T._Wilder","Colonel"
"TN019","Blountsville","CS","James E. Carter","NA","Colonel"
"TN019","Blountsville","US","John W. Foster","http://dbpedia.org/resource/John_W._Foster","Colonel"
"TN020","Blue Springs","US","Ambrose E. Burnside","http://dbpedia.org/resource/Ambrose_Burnside","Major General"
"TN020","Blue Springs","CS","John S. Williams","http://dbpedia.org/resource/John_Stuart_Williams","Brigadier General"
"TN021","Wauhatchie","US","Joseph Hooker","http://dbpedia.org/resource/Joseph_Hooker","Major General"
"TN021","Wauhatchie","CS","Micah Jenkins","http://dbpedia.org/resource/Micah_Jenkins","Brigadier General"
"TN022","Collierville","US","Edward Hatch","http://dbpedia.org/resource/Edward_Hatch","Colonel"
"TN022","Collierville","CS","James R. Chalmers","http://dbpedia.org/resource/James_Ronald_Chalmers","Brigadier General"
"TN023","Campbells Station","US","Ambrose E. Burnside","http://dbpedia.org/resource/Ambrose_Burnside","Major General"
"TN023","Campbells Station","CS","James Longstreet","http://dbpedia.org/resource/James_Longstreet","Lieutenant General"
"TN024","Chattanooga","CS","Braxton Bragg","http://dbpedia.org/resource/Braxton_Bragg","General"
"TN024","Chattanooga","CS","Braxton Bragg","http://dbpedia.org/resource/Braxton_Bragg","General"
"TN024","Chattanooga","US","Ulysses S. Grant","http://dbpedia.org/resource/Ulysses_S._Grant","Major General"
"TN024","Chattanooga","US","Ulysses S. Grant","http://dbpedia.org/resource/Ulysses_S._Grant","Major General"
"TN025","Fort Sanders","US","Ambrose E. Burnside","http://dbpedia.org/resource/Ambrose_Burnside","Major General"
"TN025","Fort Sanders","CS","James Longstreet","http://dbpedia.org/resource/James_Longstreet","Lieutenant General"
"TN026","Beans Station","CS","James Longstreet","http://dbpedia.org/resource/James_Longstreet","Lieutenant General"
"TN026","Beans Station","US","James Shackelford","http://dbpedia.org/resource/James_M._Shackelford","Brigadier General"
"TN027","Mossy Creek","US","Samuel D. Sturgis","http://dbpedia.org/resource/Samuel_D._Sturgis","Brigadier General"
"TN027","Mossy Creek","CS","William T. Martin","http://dbpedia.org/resource/William_T._Martin","Major General"
"TN028","Dandridge","CS","James Longstreet","http://dbpedia.org/resource/James_Longstreet","Lieutenant General"
"TN028","Dandridge","US","Samuel D. Sturgis","http://dbpedia.org/resource/Samuel_D._Sturgis","Brigadier General"
"TN029","Fair Garden","US","Edward M. McCook","http://dbpedia.org/resource/Edward_M._McCook","Colonel"
"TN029","Fair Garden","US","Samuel D. Sturgis","http://dbpedia.org/resource/Samuel_D._Sturgis","Brigadier General"
"TN029","Fair Garden","CS","William T. Martin","http://dbpedia.org/resource/William_T._Martin","Major General"
"TN030","Fort Pillow","US","Lionel F. Booth","http://dbpedia.org/resource/Lionel_F._Booth","Major"
"TN030","Fort Pillow","CS","Nathan Bedford Forrest","http://dbpedia.org/resource/Nathan_Bedford_Forrest","Major General"
"TN030","Fort Pillow","US","William F. Bradford","NA","Major"
"TN031","Memphis","US","C.C. Washburn","http://dbpedia.org/resource/Cadwallader_C._Washburn","Major General"
"TN031","Memphis","CS","Nathan Bedford Forrest","http://dbpedia.org/resource/Nathan_Bedford_Forrest","Brigadier General"
"TN032","Johnsonville","US","C.R. Thompson","NA","Colonel"
"TN032","Johnsonville","US","Edward M. King","NA","Lieutenant Commander"
"TN032","Johnsonville","CS","Nathan Bedford Forrest","http://dbpedia.org/resource/Nathan_Bedford_Forrest","Major General"
"TN033","Bulls Gap","US","Alvan C. Gillem","http://en.wikipedia.org/wiki/Alvan_C._Gillem","Brigadier General"
"TN033","Bulls Gap","CS","John C. Breckinridge","http://dbpedia.org/resource/John_C._Breckinridge","Major General"
"TN034","Columbia","CS","John Bell Hood","http://dbpedia.org/resource/John_Bell_Hood","General"
"TN034","Columbia","US","John M. Schofield","http://dbpedia.org/resource/John_Schofield","Major General"
"TN035","Spring Hill","CS","John Bell Hood","http://dbpedia.org/resource/John_Bell_Hood","General"
"TN035","Spring Hill","US","John M. Schofield","http://dbpedia.org/resource/John_Schofield","Major General"
"TN036","Franklin","CS","John Bell Hood","http://dbpedia.org/resource/John_Bell_Hood","General"
"TN036","Franklin","US","John M. Schofield","http://dbpedia.org/resource/John_Schofield","Major General"
"TN037","Murfreesboro","US","Lovell H. Rousseau","http://dbpedia.org/resource/Lovell_Rousseau","Major General"
"TN037","Murfreesboro","CS","Nathan Bedford Forrest","http://dbpedia.org/resource/Nathan_Bedford_Forrest","Major General"
"TN037","Murfreesboro","US","Robert Milroy","http://dbpedia.org/resource/Robert_H._Milroy","Brigadier General"
"TN038","Nashville","US","George H. Thomas","http://dbpedia.org/resource/George_Henry_Thomas","Major General"
"TN038","Nashville","CS","John Bell Hood","http://dbpedia.org/resource/John_Bell_Hood","General"
"TX001","Sabine Pass","US","Frederick Crocker","http://dbpedia.org/resource/Frederick_Crocker","Acting Master"
"TX001","Sabine Pass","CS","J.S. Irvine","NA","Major"
"TX002","Galveston","CS","Joseph J. Cook","NA","Colonel"
"TX002","Galveston","US","W.B. Renshaw","http://dbpedia.org/resource/William_B._Renshaw","Commander"
"TX002","Galveston","CS","X.B. Debray","http://dbpedia.org/resource/Xavier_Debray","Colonel"
"TX003","Galveston","US","Isaac S. Burrell","NA","Colonel"
"TX003","Galveston","CS","John B. Magruder","http://dbpedia.org/resource/John_B._Magruder","Major General"
"TX003","Galveston","US","W.B. Renshaw","http://dbpedia.org/resource/William_B._Renshaw","Commander"
"TX005","Palmito Ranch","CS","John S. ""Rip"" Ford","http://dbpedia.org/resource/John_Salmon_Ford","Colonel"
"TX005","Palmito Ranch","US","Theodore H. Barrett","NA","Colonel"
"TX006","Sabine Pass II","US","Frederick Crocker","http://dbpedia.org/resource/Frederick_Crocker","Captain (Naval)"
"TX006","Sabine Pass II","CS","Richard W. Dowling","http://dbpedia.org/resource/Richard_W._Dowling","Lieutenant"
"TX006","Sabine Pass II","US","William B. Franklin","http://dbpedia.org/resource/William_B._Franklin","Major General"
"VA001","Sewells Point","US","D.L. Braine U.S.N.","http://dbpedia.org/resource/Daniel_L._Braine","Lieutenant"
"VA001","Sewells Point","CS","Peyton Colquitt","http://dbpedia.org/resource/Peyton_H._Colquitt","Captain"
"VA001","Sewells Point","CS","Walter Gwynn","http://dbpedia.org/resource/Walter_Gwynn","Brigadier General"
"VA002","Aquia Creek","CS","Daniel Ruggles","http://dbpedia.org/resource/Daniel_Ruggles","Colonel"
"VA002","Aquia Creek","US","James H. Ward","http://dbpedia.org/resource/James_H._Ward","Commander"
"VA003","Big Bethel","CS","D.H. Hill","http://dbpedia.org/resource/Daniel_Harvey_Hill","Colonel"
"VA003","Big Bethel","US","Ebenezer Pierce","http://dbpedia.org/resource/Ebenezer_W._Peirce","Brigadier General"
"VA003","Big Bethel","CS","John B. Magruder","http://dbpedia.org/resource/John_B._Magruder","Colonel"
"VA004","Blackburns Ford","US","Irvin McDowell","http://dbpedia.org/resource/Irvin_McDowell","Brigadier General"
"VA004","Blackburns Ford","CS","P.G.T. Beauregard","http://dbpedia.org/resource/P._G._T._Beauregard","Brigadier General"
"VA005","Manassas, First","US","Irvin McDowell","http://dbpedia.org/resource/Irvin_McDowell","Brigadier General"
"VA005","Manassas, First","CS","Joseph E. Johnston","http://dbpedia.org/resource/Joseph_E._Johnston","Brigadier General"
"VA005","Manassas, First","CS","P.G.T. Beauregard","http://dbpedia.org/resource/P._G._T._Beauregard","Brigadier General"
"VA006","Balls Bluff","US","Charles P. Stone","http://dbpedia.org/resource/Charles_Pomeroy_Stone","Brigadier General"
"VA006","Balls Bluff","US","Edward Baker","http://dbpedia.org/resource/Edward_Dickinson_Baker","Colonel"
"VA006","Balls Bluff","CS","Nathan Evans","http://dbpedia.org/resource/Nathan_George_Evans","Brigadier General"
"VA007","Dranesville","US","Edward O.C. Ord","http://dbpedia.org/resource/Edward_Ord","Brigadier General"
"VA007","Dranesville","CS","J.E.B. Stuart","http://dbpedia.org/resource/J.E.B._Stuart","Brigadier General"
"VA008","Hampton Roads","CS","Catesby R. Jones","http://dbpedia.org/resource/Catesby_ap_Roger_Jones","Lieutenant"
"VA008","Hampton Roads","CS","Franklin Buchanan","http://dbpedia.org/resource/Franklin_Buchanan","Captain (Naval)"
"VA008","Hampton Roads","US","John Worden","http://dbpedia.org/resource/John_Lorimer_Worden","Lieutenant"
"VA009","Yorktown","US","George B. McClellan","http://dbpedia.org/resource/George_B._McClellan","Major General"
"VA009","Yorktown","CS","John B. Magruder","http://dbpedia.org/resource/John_B._Magruder","Major General"
"VA009","Yorktown","CS","Joseph E. Johnston","http://dbpedia.org/resource/Joseph_E._Johnston","General"
"VA010","Williamsburg","US","George B. McClellan","http://dbpedia.org/resource/George_B._McClellan","Major General"
"VA010","Williamsburg","CS","James Longstreet","http://dbpedia.org/resource/James_Longstreet","Major General"
"VA011","Elthams Landing","CS","Gustavius W. Smith","http://dbpedia.org/resource/Gustavus_Woodson_Smith","Major General"
"VA011","Elthams Landing","US","William B. Franklin","http://dbpedia.org/resource/William_B._Franklin","Brigadier General"
"VA012","Drewrys Bluff","CS","E. Farrand","NA","Commander"
"VA012","Drewrys Bluff","US","John Rodgers","http://dbpedia.org/resource/John_Rodgers_(American_Civil_War_naval_officer)","Commander"
"VA012","Drewrys Bluff","CS","John Taylor Wood","http://dbpedia.org/resource/John_Taylor_Wood","Lieutenant"
"VA012","Drewrys Bluff","CS","S. S. Lee","NA","Captain (Naval)"
"VA012","Drewrys Bluff","CS","William Mahone","http://dbpedia.org/resource/William_Mahone","Brigadier General"
"VA013","Hanover Court House","US","Fitz John Porter","http://dbpedia.org/resource/Fitz_John_Porter","Brigadier General"
"VA014","Seven Pines","US","George B. McClellan","http://dbpedia.org/resource/George_B._McClellan","Major General"
"VA014","Seven Pines","CS","Gustavius W. Smith","http://dbpedia.org/resource/Gustavus_Woodson_Smith","Major General"
"VA014","Seven Pines","CS","Joseph E. Johnston","http://dbpedia.org/resource/Joseph_E._Johnston","General"
"VA015","Oak Grove","US","George B. McClellan","http://dbpedia.org/resource/George_B._McClellan","Major General"
"VA015","Oak Grove","CS","Robert E. Lee","http://dbpedia.org/resource/Robert_E._Lee","General"
"VA016","Beaver Dam Creek","US","Fitz John Porter","http://dbpedia.org/resource/Fitz_John_Porter","Brigadier General"
"VA016","Beaver Dam Creek","CS","Robert E. Lee","http://dbpedia.org/resource/Robert_E._Lee","General"
"VA017","Gaines Mill","US","Fitz John Porter","http://dbpedia.org/resource/Fitz_John_Porter","Brigadier General"
"VA017","Gaines Mill","CS","Robert E. Lee","http://dbpedia.org/resource/Robert_E._Lee","General"
"VA018","Garnetts & Goldings
Farms","US","George B. McClellan","http://dbpedia.org/resource/George_B._McClellan","Major General"
"VA018","Garnetts & Goldings
Farms","CS","John B. Magruder","http://dbpedia.org/resource/John_B._Magruder","Major General"
"VA019","Savages Station","US","Edwin Sumner","http://dbpedia.org/resource/Edwin_Vose_Sumner","Major General"
"VA019","Savages Station","CS","John B. Magruder","http://dbpedia.org/resource/John_B._Magruder","Major General"
"VA020","Glendale/White Oak Swamp","CS","Thomas J. Jackson","http://dbpedia.org/resource/Stonewall_Jackson","Major General"
"VA020","Glendale/White Oak Swamp","US","William B. Franklin","http://dbpedia.org/resource/William_B._Franklin","Major General"
"VA020","Glendale/White Oak Swamp","US","George B. McClellan","http://dbpedia.org/resource/George_B._McClellan","Major General"
"VA020","Glendale/White Oak Swamp","CS","Robert E. Lee","http://dbpedia.org/resource/Robert_E._Lee","General"
"VA020A","White Oak Swamp","CS","Thomas J. Jackson","http://dbpedia.org/resource/Stonewall_Jackson","Major General"
"VA020A","White Oak Swamp","US","William B. Franklin","http://dbpedia.org/resource/William_B._Franklin","Major General"
"VA020B","Glendale","US","George B. McClellan","http://dbpedia.org/resource/George_B._McClellan","Major General"
"VA020B","Glendale","CS","Robert E. Lee","http://dbpedia.org/resource/Robert_E._Lee","General"
"VA021","Malvern Hill","US","George B. McClellan","http://dbpedia.org/resource/George_B._McClellan","Major General"
"VA021","Malvern Hill","CS","Robert E. Lee","http://dbpedia.org/resource/Robert_E._Lee","General"
"VA022","Cedar Mountain","US","Nathaniel P. Banks","http://dbpedia.org/resource/Nathaniel_P._Banks","Major General"
"VA022","Cedar Mountain","CS","Thomas J. Jackson","http://dbpedia.org/resource/Stonewall_Jackson","Major General"
"VA023","Rappahannock Station","US","John Pope","http://dbpedia.org/resource/John_Pope_(military_officer)","Major General"
"VA023","Rappahannock Station","CS","Thomas J. Jackson","http://dbpedia.org/resource/Stonewall_Jackson","Major General"
"VA024","Manassas Station Operations","US","G.W. Taylor","http://dbpedia.org/resource/George_W._Taylor_(general)","Brigadier General"
"VA024","Manassas Station Operations","CS","Thomas J. Jackson","http://dbpedia.org/resource/Stonewall_Jackson","Major General"
"VA025","Thoroughfare Gap","CS","James Longstreet","http://dbpedia.org/resource/James_Longstreet","Lieutenant General"
"VA025","Thoroughfare Gap","US","James Ricketts","http://dbpedia.org/resource/James_B._Ricketts","Brigadier General"
"VA026","Manassas, Second","US","John Pope","http://dbpedia.org/resource/John_Pope_(military_officer)","Major General"
"VA026","Manassas, Second","CS","Robert E. Lee","http://dbpedia.org/resource/Robert_E._Lee","General"
"VA026","Manassas, Second","CS","Thomas J. Jackson","http://dbpedia.org/resource/Stonewall_Jackson","Major General"
"VA027","Chantilly","US","Isaac Stevens","http://dbpedia.org/resource/Isaac_Stevens","Major General"
"VA027","Chantilly","US","Philip Kearny","http://dbpedia.org/resource/Philip_Kearny","Major General"
"VA027","Chantilly","CS","Thomas J. Jackson","http://dbpedia.org/resource/Stonewall_Jackson","Major General"
"VA028","Fredericksburg I","US","Ambrose E. Burnside","http://dbpedia.org/resource/Ambrose_Burnside","Major General"
"VA028","Fredericksburg I","CS","Robert E. Lee","http://dbpedia.org/resource/Robert_E._Lee","General"
"VA029","Kellys Ford","CS","Fitzhugh Lee","http://dbpedia.org/resource/Fitzhugh_Lee","Brigadier General"
"VA029","Kellys Ford","US","William W. Averell","http://dbpedia.org/resource/William_W._Averell","Brigadier General"
"VA030","Suffolk","CS","James Longstreet","http://dbpedia.org/resource/James_Longstreet","Lieutenant General"
"VA030","Suffolk","US","John Peck","http://dbpedia.org/resource/John_J._Peck","Brigadier General"
"VA031","Suffolk","CS","James Longstreet","http://dbpedia.org/resource/James_Longstreet","Lieutenant General"
"VA031","Suffolk","US","John Peck","http://dbpedia.org/resource/John_J._Peck","Brigadier General"
"VA032","Chancellorsville","US","Joseph Hooker","http://dbpedia.org/resource/Joseph_Hooker","Major General"
"VA032","Chancellorsville","CS","Robert E. Lee","http://dbpedia.org/resource/Robert_E._Lee","General"
"VA032","Chancellorsville","CS","Thomas J. Jackson","http://dbpedia.org/resource/Stonewall_Jackson","Major General"
"VA033","Salem Church","US","John Sedgwick","http://dbpedia.org/resource/John_Sedgwick","Major General"
"VA033","Salem Church","CS","Robert E. Lee","http://dbpedia.org/resource/Robert_E._Lee","General"
"VA034","Fredericksburg II","US","John Sedgwick","http://dbpedia.org/resource/John_Sedgwick","Major General"
"VA034","Fredericksburg II","CS","Jubal A. Early","http://dbpedia.org/resource/Jubal_Early","Major General"
"VA035","Brandy Station","US","Alfred Pleasonton","http://dbpedia.org/resource/Alfred_Pleasonton","Major General"
"VA035","Brandy Station","CS","J.E.B. Stuart","http://dbpedia.org/resource/J.E.B._Stuart","Major General"
"VA036","Aldie","US","H. Judson Kilpatrick","http://dbpedia.org/resource/Hugh_Judson_Kilpatrick","Brigadier General"
"VA036","Aldie","CS","Thomas Munford","http://dbpedia.org/resource/Thomas_T._Munford","Colonel"
"VA037","Middleburg","US","David M. Gregg","http://dbpedia.org/resource/David_McMurtrie_Gregg","Brigadier General"
"VA037","Middleburg","CS","J.E.B. Stuart","http://dbpedia.org/resource/J.E.B._Stuart","Major General"
"VA038","Upperville","US","Alfred Pleasonton","http://dbpedia.org/resource/Alfred_Pleasonton","Major General"
"VA038","Upperville","CS","Beverly Robertson","http://dbpedia.org/resource/Beverly_Robertson","Brigadier General"
"VA038","Upperville","CS","Wade Hampton","http://dbpedia.org/resource/Wade_Hampton_III","Brigadier General"
"VA039","Auburn","CS","J.E.B. Stuart","http://dbpedia.org/resource/J.E.B._Stuart","Major General"
"VA039","Auburn","US","William H. French","http://dbpedia.org/resource/William_H._French","Major General"
"VA040","Bristoe Station","CS","A.P. Hill","http://dbpedia.org/resource/A._P._Hill","Lieutenant General"
"VA040","Bristoe Station","US","G.K. Warren","http://dbpedia.org/resource/Gouverneur_K._Warren","Major General"
"VA041","Auburn","US","G.K. Warren","http://dbpedia.org/resource/Gouverneur_K._Warren","Major General"
"VA041","Auburn","CS","J.E.B. Stuart","http://dbpedia.org/resource/J.E.B._Stuart","Major General"
"VA042","Buckland Mills","US","H. Judson Kilpatrick","http://dbpedia.org/resource/Hugh_Judson_Kilpatrick","Major General"
"VA042","Buckland Mills","CS","J.E.B. Stuart","http://dbpedia.org/resource/J.E.B._Stuart","Major General"
"VA043","Rappahannock Station","US","George G. Meade","http://dbpedia.org/resource/George_Meade","Major General"
"VA043","Rappahannock Station","CS","Robert E. Lee","http://dbpedia.org/resource/Robert_E._Lee","General"
"VA044","Mine Run","US","George G. Meade","http://dbpedia.org/resource/George_Meade","Major General"
"VA044","Mine Run","CS","Robert E. Lee","http://dbpedia.org/resource/Robert_E._Lee","General"
"VA045","Mortons Ford","US","J.C. Caldwell","http://dbpedia.org/resource/John_C._Caldwell","Brigadier General"
"VA045","Mortons Ford","CS","Richard S. Ewell","http://dbpedia.org/resource/Richard_S._Ewell","Lieutenant General"
"VA046","Wilderness","US","George G. Meade","http://dbpedia.org/resource/George_Meade","Major General"
"VA046","Wilderness","CS","Robert E. Lee","http://dbpedia.org/resource/Robert_E._Lee","General"
"VA046","Wilderness","US","Ulysses S. Grant","http://dbpedia.org/resource/Ulysses_S._Grant","Lieutenant General"
"VA047","Port Walthall Junction","US","Benjamin Butler","http://dbpedia.org/resource/Benjamin_Franklin_Butler_(politician)","Major General"
"VA047","Port Walthall Junction","CS","Johnson Hagood","http://dbpedia.org/resource/Johnson_Hagood_(governor)","Brigadier General"
"VA048","Spotsylvania Court House","US","George G. Meade","http://dbpedia.org/resource/George_Meade","Major General"
"VA048","Spotsylvania Court House","CS","Robert E. Lee","http://dbpedia.org/resource/Robert_E._Lee","General"
"VA048","Spotsylvania Court House","US","Ulysses S. Grant","http://dbpedia.org/resource/Ulysses_S._Grant","Lieutenant General"
"VA049","Cloyds Mountain","CS","Albert Jenkins","http://dbpedia.org/resource/Albert_G._Jenkins","Brigadier General"
"VA049","Cloyds Mountain","US","George Crook","http://dbpedia.org/resource/George_Crook","Brigadier General"
"VA050","Swift Creek","US","Benjamin Butler","http://dbpedia.org/resource/Benjamin_Franklin_Butler_(politician)","Major General"
"VA050","Swift Creek","CS","P.G.T. Beauregard","http://dbpedia.org/resource/P._G._T._Beauregard","General"
"VA051","Chester Station","US","Benjamin Butler","http://dbpedia.org/resource/Benjamin_Franklin_Butler_(politician)","Major General"
"VA051","Chester Station","CS","P.G.T. Beauregard","http://dbpedia.org/resource/P._G._T._Beauregard","General"
"VA052","Yellow Tavern","CS","J.E.B. Stuart","http://dbpedia.org/resource/J.E.B._Stuart","Major General"
"VA052","Yellow Tavern","US","Philip Sheridan","http://dbpedia.org/resource/Philip_Sheridan","Major General"
"VA053","Proctors Creek","US","Benjamin Butler","http://dbpedia.org/resource/Benjamin_Franklin_Butler_(politician)","Major General"
"VA053","Proctors Creek","CS","P.G.T. Beauregard","http://dbpedia.org/resource/P._G._T._Beauregard","General"
"VA054","Ware Bottom Church","US","Benjamin Butler","http://dbpedia.org/resource/Benjamin_Franklin_Butler_(politician)","Major General"
"VA054","Ware Bottom Church","CS","P.G.T. Beauregard","http://dbpedia.org/resource/P._G._T._Beauregard","General"
"VA055","North Anna","US","George G. Meade","http://dbpedia.org/resource/George_Meade","Major General"
"VA055","North Anna","CS","Robert E. Lee","http://dbpedia.org/resource/Robert_E._Lee","General"
"VA055","North Anna","US","Ulysses S. Grant","http://dbpedia.org/resource/Ulysses_S._Grant","Lieutenant General"
"VA056","Wilsons Wharf","US","Edward Wild","http://dbpedia.org/resource/Edward_A._Wild","Brigadier General"
"VA056","Wilsons Wharf","CS","Fitzhugh Lee","http://dbpedia.org/resource/Fitzhugh_Lee","Major General"
"VA057","Totopotomoy Creek","US","George G. Meade","http://dbpedia.org/resource/George_Meade","Major General"
"VA057","Totopotomoy Creek","CS","Robert E. Lee","http://dbpedia.org/resource/Robert_E._Lee","General"
"VA057","Totopotomoy Creek","US","Ulysses S. Grant","http://dbpedia.org/resource/Ulysses_S._Grant","Lieutenant General"
"VA058","Haws Shop","US","David M. Gregg","http://dbpedia.org/resource/David_McMurtrie_Gregg","Brigadier General"
"VA058","Haws Shop","CS","Fitzhugh Lee","http://dbpedia.org/resource/Fitzhugh_Lee","Major General"
"VA058","Haws Shop","CS","Wade Hampton","http://dbpedia.org/resource/Wade_Hampton_III","Major General"
"VA059","Old Church","US","Alfred Torbert","http://dbpedia.org/resource/Alfred_Thomas_Archimedes_Torbert","Brigadier General"
"VA059","Old Church","CS","Matthew C. Butler","http://dbpedia.org/resource/Matthew_Butler","Brigadier General"
"VA062","Cold Harbor","US","George G. Meade","http://dbpedia.org/resource/George_Meade","Major General"
"VA062","Cold Harbor","CS","Robert E. Lee","http://dbpedia.org/resource/Robert_E._Lee","General"
"VA062","Cold Harbor","US","Ulysses S. Grant","http://dbpedia.org/resource/Ulysses_S._Grant","Lieutenant General"
"VA063","Petersburg","US","George G. Meade","http://dbpedia.org/resource/George_Meade","Major General"
"VA063","Petersburg","CS","P.G.T. Beauregard","http://dbpedia.org/resource/P._G._T._Beauregard","General"
"VA063","Petersburg","CS","Robert E. Lee","http://dbpedia.org/resource/Robert_E._Lee","General"
"VA063","Petersburg","US","Ulysses S. Grant","http://dbpedia.org/resource/Ulysses_S._Grant","Lieutenant General"
"VA064","Lynchburg","US","David Hunter","http://dbpedia.org/resource/David_Hunter","Major General"
"VA064","Lynchburg","CS","Jubal A. Early","http://dbpedia.org/resource/Jubal_Early","Lieutenant General"
"VA065","Jerusalem Plank Road","US","George G. Meade","http://dbpedia.org/resource/George_Meade","Major General"
"VA065","Jerusalem Plank Road","CS","Robert E. Lee","http://dbpedia.org/resource/Robert_E._Lee","General"
"VA065","Jerusalem Plank Road","US","Ulysses S. Grant","http://dbpedia.org/resource/Ulysses_S._Grant","Lieutenant General"
"VA066","Saint Marys Church","US","Philip Sheridan","http://dbpedia.org/resource/Philip_Sheridan","Major General"
"VA066","Saint Marys Church","CS","Wade Hampton","http://dbpedia.org/resource/Wade_Hampton_III","Major General"
"VA067","Sappony Church","US","August Kautz","http://dbpedia.org/resource/August_Kautz","Brigadier General"
"VA067","Sappony Church","US","James Wilson","http://dbpedia.org/resource/James_H._Wilson","Brigadier General"
"VA067","Sappony Church","CS","Wade Hampton","http://dbpedia.org/resource/Wade_Hampton_III","Major General"
"VA068","Reams Station","US","August Kautz","http://dbpedia.org/resource/August_Kautz","Brigadier General"
"VA068","Reams Station","CS","Fitzhugh Lee","http://dbpedia.org/resource/Fitzhugh_Lee","Major General"
"VA068","Reams Station","US","James Wilson","http://dbpedia.org/resource/James_H._Wilson","Major General"
"VA068","Reams Station","CS","William Mahone","http://dbpedia.org/resource/William_Mahone","Major General"
"VA069","Deep Bottom I","CS","Charles Field","http://dbpedia.org/resource/Charles_W._Field","Major General"
"VA069","Deep Bottom I","US","Winfield Scott Hancock","http://dbpedia.org/resource/Winfield_Scott_Hancock","Major General"
"VA070","Crater","US","Ambrose E. Burnside","http://dbpedia.org/resource/Ambrose_Burnside","Major General"
"VA070","Crater","CS","Robert E. Lee","http://dbpedia.org/resource/Robert_E._Lee","General"
"VA071","Deep Bottom II","CS","Charles Field","http://dbpedia.org/resource/Charles_W._Field","Major General"
"VA071","Deep Bottom II","CS","Robert E. Lee","http://dbpedia.org/resource/Robert_E._Lee","General"
"VA071","Deep Bottom II","US","Winfield Scott Hancock","http://dbpedia.org/resource/Winfield_Scott_Hancock","Major General"
"VA072","Globe Tavern","CS","A.P. Hill","http://dbpedia.org/resource/A._P._Hill","Lieutenant General"
"VA072","Globe Tavern","US","G.K. Warren","http://dbpedia.org/resource/Gouverneur_K._Warren","Major General"
"VA072","Globe Tavern","CS","Henry Heth","http://dbpedia.org/resource/Henry_Heth","Major General"
"VA072","Globe Tavern","CS","Robert E. Lee","http://dbpedia.org/resource/Robert_E._Lee","General"
"VA072","Globe Tavern","CS","William Mahone","http://dbpedia.org/resource/William_Mahone","Major General"
"VA073","Reams Station","CS","Henry Heth","http://dbpedia.org/resource/Henry_Heth","Major General"
"VA073","Reams Station","US","Winfield Scott Hancock","http://dbpedia.org/resource/Winfield_Scott_Hancock","Major General"
"VA074","Peebles Farm","CS","A.P. Hill","http://dbpedia.org/resource/A._P._Hill","Lieutenant General"
"VA074","Peebles Farm","US","G.K. Warren","http://dbpedia.org/resource/Gouverneur_K._Warren","Major General"
"VA074","Peebles Farm","US","George G. Meade","http://dbpedia.org/resource/George_Meade","Major General"
"VA074","Peebles Farm","US","John G. Parke","http://dbpedia.org/resource/John_G._Parke","Major General"
"VA074","Peebles Farm","CS","Wade Hampton","http://dbpedia.org/resource/Wade_Hampton_III","Major General"
"VA075","Chaffins Farm/New Market
Heights","US","Benjamin Butler","http://dbpedia.org/resource/Benjamin_Franklin_Butler_(politician)","Major General"
"VA075","Chaffins Farm/New Market
Heights","CS","Richard S. Ewell","http://dbpedia.org/resource/Richard_S._Ewell","Lieutenant General"
"VA075","Chaffins Farm/New Market
Heights","CS","Robert E. Lee","http://dbpedia.org/resource/Robert_E._Lee","General"
"VA076","Saltville","CS","Alfred E. Jackson","NA","Brigadier General"
"VA076","Saltville","US","Stephen Burbridge","http://dbpedia.org/resource/Stephen_G._Burbridge","Brigadier General"
"VA077","Darbytown & New Market
Roads","US","August Kautz","http://dbpedia.org/resource/August_Kautz","Brigadier General"
"VA077","Darbytown & New Market
Roads","US","David Birney","http://dbpedia.org/resource/David_B._Birney","Major General"
"VA077","Darbytown & New Market
Roads","CS","Robert E. Lee","http://dbpedia.org/resource/Robert_E._Lee","General"
"VA078","Darbytown Road","US","Alfred H. Terry","http://dbpedia.org/resource/Alfred_Terry","Major General"
"VA078","Darbytown Road","CS","Richard Anderson","http://dbpedia.org/resource/Richard_H._Anderson","Lieutenant General"
"VA079","Boydton Plank Road","CS","Henry Heth","http://dbpedia.org/resource/Henry_Heth","Major General"
"VA079","Boydton Plank Road","US","Winfield Scott Hancock","http://dbpedia.org/resource/Winfield_Scott_Hancock","Major General"
"VA080","Fair Oaks & Darbytown
Road","US","Benjamin Butler","http://dbpedia.org/resource/Benjamin_Franklin_Butler_(politician)","Major General"
"VA080","Fair Oaks & Darbytown
Road","CS","James Longstreet","http://dbpedia.org/resource/James_Longstreet","Lieutenant General"
"VA081","Marion","US","George Stoneman","http://dbpedia.org/resource/George_Stoneman","Major General"
"VA081","Marion","CS","John C. Breckinridge","http://dbpedia.org/resource/John_C._Breckinridge","Major General"
"VA082","Saltville","US","George Stoneman","http://dbpedia.org/resource/George_Stoneman","Major General"
"VA082","Saltville","CS","John C. Breckinridge","http://dbpedia.org/resource/John_C._Breckinridge","Major General"
"VA083","Hatchers Run","US","A.A. Humphreys","http://dbpedia.org/resource/Andrew_A._Humphreys","Major General"
"VA083","Hatchers Run","US","G.K. Warren","http://dbpedia.org/resource/Gouverneur_K._Warren","Major General"
"VA083","Hatchers Run","CS","John B. Gordon","http://dbpedia.org/resource/John_Brown_Gordon","Major General"
"VA084","Fort Stedman","CS","John B. Gordon","http://dbpedia.org/resource/John_Brown_Gordon","Major General"
"VA084","Fort Stedman","US","John G. Parke","http://dbpedia.org/resource/John_G._Parke","Major General"
"VA084","Fort Stedman","CS","Robert E. Lee","http://dbpedia.org/resource/Robert_E._Lee","General"
"VA085","Lewiss Farm","CS","Bushrod R. Johnson","http://en.wikipedia.org/wiki/Bushrod_Johnson","Major General"
"VA085","Lewiss Farm","US","G.K. Warren","http://dbpedia.org/resource/Gouverneur_K._Warren","Major General"
"VA086","Dinwiddie Court House","CS","Fitzhugh Lee","http://dbpedia.org/resource/Fitzhugh_Lee","Major General"
"VA086","Dinwiddie Court House","CS","George Pickett","http://dbpedia.org/resource/George_Pickett","Major General"
"VA086","Dinwiddie Court House","US","Philip Sheridan","http://dbpedia.org/resource/Philip_Sheridan","Major General"
"VA087","White Oak Road","US","G.K. Warren","http://dbpedia.org/resource/Gouverneur_K._Warren","Major General"
"VA087","White Oak Road","CS","Richard Anderson","http://dbpedia.org/resource/Richard_H._Anderson","Lieutenant General"
"VA087","White Oak Road","CS","Robert E. Lee","http://dbpedia.org/resource/Robert_E._Lee","General"
"VA088","Five Forks","CS","George Pickett","http://dbpedia.org/resource/George_Pickett","Major General"
"VA088","Five Forks","US","Philip Sheridan","http://dbpedia.org/resource/Philip_Sheridan","Major General"
"VA089","Petersburg","CS","Robert E. Lee","http://dbpedia.org/resource/Robert_E._Lee","General"
"VA089","Petersburg","US","Ulysses S. Grant","http://dbpedia.org/resource/Ulysses_S._Grant","Lieutenant General"
"VA090","Sutherlands Station","CS","Cadmus Wilcox","http://dbpedia.org/resource/Cadmus_M._Wilcox","Major General"
"VA090","Sutherlands Station","CS","Henry Heth","http://dbpedia.org/resource/Henry_Heth","Major General"
"VA090","Sutherlands Station","US","Nelson A. Miles","http://dbpedia.org/resource/Nelson_A._Miles","Major General"
"VA091","Amelia Springs","CS","Fitzhugh Lee","http://dbpedia.org/resource/Fitzhugh_Lee","Major General"
"VA091","Amelia Springs","US","George Crook","http://dbpedia.org/resource/George_Crook","Major General"
"VA091","Amelia Springs","CS","Thomas Rosser","http://dbpedia.org/resource/Thomas_L._Rosser","Major General"
"VA092","Rices Station","CS","James Longstreet","http://dbpedia.org/resource/James_Longstreet","Lieutenant General"
"VA092","Rices Station","US","John Gibbon","http://dbpedia.org/resource/John_Gibbon","Major General"
"VA093","Sailors Creek","CS","John B. Gordon","http://dbpedia.org/resource/John_Brown_Gordon","Major General"
"VA093","Sailors Creek","US","Philip Sheridan","http://dbpedia.org/resource/Philip_Sheridan","Major General"
"VA093","Sailors Creek","CS","Richard S. Ewell","http://dbpedia.org/resource/Richard_S._Ewell","Lieutenant General"
"VA094","Cumberland Church","US","A.A. Humphreys","http://dbpedia.org/resource/Andrew_A._Humphreys","Major General"
"VA094","Cumberland Church","CS","Robert E. Lee","http://dbpedia.org/resource/Robert_E._Lee","General"
"VA095","High Bridge","US","T. Read","NA","Colonel"
"VA096","Appomattox Station","US","George A. Custer","http://dbpedia.org/resource/George_Armstrong_Custer","Major General"
"VA096","Appomattox Station","CS","Lindsay Walker","http://dbpedia.org/resource/Reuben_Lindsay_Walker","Brigadier General"
"VA097","Appomattox Court House","CS","Robert E. Lee","http://dbpedia.org/resource/Robert_E._Lee","General"
"VA097","Appomattox Court House","US","Ulysses S. Grant","http://dbpedia.org/resource/Ulysses_S._Grant","Lieutenant General"
"VA098","Petersburg","CS","P.G.T. Beauregard","http://dbpedia.org/resource/P._G._T._Beauregard","General"
"VA098","Petersburg","US","Quincy Gillmore","http://dbpedia.org/resource/Quincy_Adams_Gillmore","Major General"
"VA099","Trevilian Station","US","Philip Sheridan","http://dbpedia.org/resource/Philip_Sheridan","Major General"
"VA099","Trevilian Station","CS","Wade Hampton","http://dbpedia.org/resource/Wade_Hampton_III","Major General"
"VA100","Cockpit Point","US","R.H. Wyman","http://dbpedia.org/resource/Robert_H._Wyman","Lieutenant"
"VA100","Cockpit Point","CS","Samuel G. French","http://dbpedia.org/resource/Samuel_Gibbs_French","Brigadier General"
"VA101","Kernstown, First","US","Nathan Kimball","http://dbpedia.org/resource/Nathan_Kimball","Colonel"
"VA101","Kernstown, First","CS","Thomas J. Jackson","http://dbpedia.org/resource/Stonewall_Jackson","Major General"
"VA102","McDowell","US","Robert Milroy","http://dbpedia.org/resource/Robert_H._Milroy","Brigadier General"
"VA102","McDowell","US","Robert Schenck","http://dbpedia.org/resource/Robert_C._Schenck","Brigadier General"
"VA102","McDowell","CS","Thomas J. Jackson","http://dbpedia.org/resource/Stonewall_Jackson","Major General"
"VA103","Front Royal","US","John R. Kenly","http://dbpedia.org/resource/John_Reese_Kenly","Colonel"
"VA103","Front Royal","CS","Thomas J. Jackson","http://dbpedia.org/resource/Stonewall_Jackson","Major General"
"VA104","Winchester, First","US","Nathaniel P. Banks","http://dbpedia.org/resource/Nathaniel_P._Banks","Major General"
"VA104","Winchester, First","CS","Thomas J. Jackson","http://dbpedia.org/resource/Stonewall_Jackson","Major General"
"VA105","Cross Keys","US","John C. Frémont","http://dbpedia.org/resource/John_C._Fr%C3%A9mont","Major General"
"VA105","Cross Keys","CS","Richard S. Ewell","http://dbpedia.org/resource/Richard_S._Ewell","Major General"
"VA106","Port Republic","US","Erastus Tyler","http://dbpedia.org/resource/Erastus_B._Tyler","Brigadier General"
"VA106","Port Republic","CS","Thomas J. Jackson","http://dbpedia.org/resource/Stonewall_Jackson","Major General"
"VA107","Winchester, Second","CS","Richard S. Ewell","http://dbpedia.org/resource/Richard_S._Ewell","Lieutenant General"
"VA107","Winchester, Second","US","Robert Milroy","http://dbpedia.org/resource/Robert_H._Milroy","Brigadier General"
"VA108","Manassas Gap","CS","Richard Anderson","http://dbpedia.org/resource/Richard_H._Anderson","Major General"
"VA108","Manassas Gap","US","William H. French","http://dbpedia.org/resource/William_H._French","Major General"
"VA109","Cove Mountain","CS","William E. Jones","http://dbpedia.org/resource/William_E._Jones","Brigadier General"
"VA109","Cove Mountain","US","William W. Averell","http://dbpedia.org/resource/William_W._Averell","Brigadier General"
"VA110","New Market","US","Franz Sigel","http://dbpedia.org/resource/Franz_Sigel","Major General"
"VA110","New Market","CS","John C. Breckinridge","http://dbpedia.org/resource/John_C._Breckinridge","Major General"
"VA111","Piedmont","US","David Hunter","http://dbpedia.org/resource/David_Hunter","Major General"
"VA111","Piedmont","CS","William E. Jones","http://dbpedia.org/resource/William_E._Jones","Brigadier General"
"VA113","Staunton River Bridge","US","August Kautz","http://dbpedia.org/resource/August_Kautz","Brigadier General"
"VA113","Staunton River Bridge","US","James Wilson","http://dbpedia.org/resource/James_H._Wilson","Brigadier General"
"VA113","Staunton River Bridge","CS","William H.F. ""Rooney"" Lee","http://dbpedia.org/resource/William_Henry_Fitzhugh_Lee","Major General"
"VA114","Cool Spring","US","Horatio Wright","http://dbpedia.org/resource/Horatio_Wright","Major General"
"VA114","Cool Spring","CS","Jubal A. Early","http://dbpedia.org/resource/Jubal_Early","Lieutenant General"
"VA115","Rutherfords Farm","CS","S.D. Ramseur","http://dbpedia.org/resource/Stephen_Dodson_Ramseur","Major General"
"VA115","Rutherfords Farm","US","William W. Averell","http://dbpedia.org/resource/William_W._Averell","Brigadier General"
"VA116","Kernstown, Second","US","George Crook","http://dbpedia.org/resource/George_Crook","Brigadier General"
"VA116","Kernstown, Second","CS","Jubal A. Early","http://dbpedia.org/resource/Jubal_Early","Lieutenant General"
"VA117","Guard Hill","CS","Richard Anderson","http://dbpedia.org/resource/Richard_H._Anderson","Lieutenant General"
"VA117","Guard Hill","US","Wesley Merritt","http://dbpedia.org/resource/Wesley_Merritt","Brigadier General"
"VA118","Berryville","CS","Jubal A. Early","http://dbpedia.org/resource/Jubal_Early","Lieutenant General"
"VA118","Berryville","US","Philip Sheridan","http://dbpedia.org/resource/Philip_Sheridan","Major General"
"VA119","Opequon","CS","Jubal A. Early","http://dbpedia.org/resource/Jubal_Early","Lieutenant General"
"VA119","Opequon","US","Philip Sheridan","http://dbpedia.org/resource/Philip_Sheridan","Major General"
"VA120","Fishers Hill","CS","Jubal A. Early","http://dbpedia.org/resource/Jubal_Early","Lieutenant General"
"VA120","Fishers Hill","US","Philip Sheridan","http://dbpedia.org/resource/Philip_Sheridan","Major General"
"VA121","Toms Brook","US","Alfred Torbert","http://dbpedia.org/resource/Alfred_Thomas_Archimedes_Torbert","Brigadier General"
"VA121","Toms Brook","CS","Thomas Rosser","http://dbpedia.org/resource/Thomas_L._Rosser","Major General"
"VA122","Cedar Creek","US","Horatio Wright","http://dbpedia.org/resource/Horatio_Wright","Major General"
"VA122","Cedar Creek","CS","Jubal A. Early","http://dbpedia.org/resource/Jubal_Early","Lieutenant General"
"VA122","Cedar Creek","US","Philip Sheridan","http://dbpedia.org/resource/Philip_Sheridan","Major General"
"VA123","Waynesboro","CS","Jubal A. Early","http://dbpedia.org/resource/Jubal_Early","Lieutenant General"
"VA123","Waynesboro","US","Philip Sheridan","http://dbpedia.org/resource/Philip_Sheridan","Major General"
"VA124","Namozine Church","CS","Fitzhugh Lee","http://dbpedia.org/resource/Fitzhugh_Lee","Major General"
"VA124","Namozine Church","US","George A. Custer","http://dbpedia.org/resource/George_Armstrong_Custer","Major General"
"VA125","Walkerton","US","H. Judson Kilpatrick","http://dbpedia.org/resource/Hugh_Judson_Kilpatrick","Brigadier General"
"VA125","Walkerton","US","Ulric Dahlgren","http://dbpedia.org/resource/Ulric_Dahlgren","Colonel"
"VA125","Walkerton","CS","Wade Hampton","http://dbpedia.org/resource/Wade_Hampton_III","Major General"
"WV001","Philippi","CS","George A. Porterfield","http://dbpedia.org/resource/George_A._Porterfield","Colonel"
"WV001","Philippi","US","Thomas A. Morris","http://dbpedia.org/resource/Thomas_A._Morris","Colonel"
"WV002","Hokes Run","US","Robert Patterson","http://dbpedia.org/resource/Robert_Patterson","Major General"
"WV002","Hokes Run","CS","Thomas J. Jackson","http://dbpedia.org/resource/Stonewall_Jackson","Brigadier General"
"WV003","Rich Mountain","US","George B. McClellan","http://dbpedia.org/resource/George_B._McClellan","Major General"
"WV003","Rich Mountain","CS","John Pegram","http://dbpedia.org/resource/John_Pegram_(general)","Lieutenant Colonel"
"WV003","Rich Mountain","CS","Robert S. Garnett","http://dbpedia.org/resource/Robert_S._Garnett","Brigadier General"
"WV003","Rich Mountain","US","William S. Rosecrans","http://dbpedia.org/resource/William_Rosecrans","Brigadier General"
"WV004","Kesslers Cross Lanes","US","Erastus Tyler","http://dbpedia.org/resource/Erastus_B._Tyler","Colonel"
"WV004","Kesslers Cross Lanes","CS","John Floyd","http://dbpedia.org/resource/John_B._Floyd","Brigadier General"
"WV005","Cheat Mountain","CS","Albert Rust","http://dbpedia.org/resource/Albert_Rust","Colonel"
"WV005","Cheat Mountain","US","Joseph Reynolds","http://dbpedia.org/resource/Joseph_J._Reynolds","Brigadier General"
"WV005","Cheat Mountain","CS","Robert E. Lee","http://dbpedia.org/resource/Robert_E._Lee","General"
"WV006","Carnifex Ferry","CS","John Floyd","http://dbpedia.org/resource/John_B._Floyd","Brigadier General"
"WV006","Carnifex Ferry","US","William S. Rosecrans","http://dbpedia.org/resource/William_Rosecrans","Brigadier General"
"WV007","Greenbrier River","CS","Henry R. Jackson","http://dbpedia.org/resource/Henry_R._Jackson","Brigadier General"
"WV007","Greenbrier River","US","Joseph Reynolds","http://dbpedia.org/resource/Joseph_J._Reynolds","Brigadier General"
"WV008","Camp Alleghany","CS","Edward ""Allegheny"" Johnson","http://dbpedia.org/resource/Edward_Johnson_(general)","Colonel"
"WV008","Camp Alleghany","US","Robert Milroy","http://dbpedia.org/resource/Robert_H._Milroy","Brigadier General"
"WV009","Princeton Court House","CS","Humphery Marshall","http://dbpedia.org/resource/Humphrey_Marshall_(general)","Brigadier General"
"WV009","Princeton Court House","US","Jacob D. Cox","http://dbpedia.org/resource/Jacob_Dolson_Cox","Brigadier General"
"WV010","Harpers Ferry","US","Dixon S. Miles","http://dbpedia.org/resource/Dixon_S._Miles","Colonel"
"WV010","Harpers Ferry","CS","Thomas J. Jackson","http://dbpedia.org/resource/Stonewall_Jackson","Major General"
"WV012","Droop Mountain","CS","John Echols","http://dbpedia.org/resource/John_Echols","Brigadier General"
"WV012","Droop Mountain","US","William W. Averell","http://dbpedia.org/resource/William_W._Averell","Brigadier General"
"WV013","Moorefield","CS","John McCausland","http://dbpedia.org/resource/John_McCausland","Brigadier General"
"WV013","Moorefield","US","William W. Averell","http://dbpedia.org/resource/William_W._Averell","Brigadier General"
"WV014","Summit Point","CS","Jubal A. Early","http://dbpedia.org/resource/Jubal_Early","Lieutenant General"
"WV014","Summit Point","US","Philip Sheridan","http://dbpedia.org/resource/Philip_Sheridan","Major General"
"WV015","Smithfield Crossing","CS","Jubal A. Early","http://dbpedia.org/resource/Jubal_Early","Lieutenant General"
"WV015","Smithfield Crossing","US","Wesley Merritt","http://dbpedia.org/resource/Wesley_Merritt","Brigadier General"
"WV016","Shepherdstown","CS","A.P. Hill","http://dbpedia.org/resource/A._P._Hill","Major General"
"WV016","Shepherdstown","US","Fitz John Porter","http://dbpedia.org/resource/Fitz_John_Porter","Major General"
"WV016","Shepherdstown","CS","William Pendleton","http://en.wikipedia.org/wiki/William_N._Pendleton","Brigadier General"
